CountryAProdFinances_TI Revenue CO2Hedge,CapacityinMW_OCGT,CountryBProdFinances_Revenue CM,CapacityinMWinB_Photovoltaic,CapacityinMWinA_IGCC,CapacityinMW_WindOffshore,ProducerCosts_CO2 Hedging,CapacityinMW_IgccCCS,CountryBProdCosts_Fixed O&M,CapacityinMW_Biomass,CapacityinMWinA_Photovoltaic,CountryBProdCosts_CO2 auction,CountryAProdCosts_Unclassified,CapacityinMWinB_CoalPscCSS,ShortagesInHoursUnserved,GenerationinMWh_Nuclear,CountryBProdFinances_TI Revenue CM,CountryBProdFinances_Profit,ProducerCosts_CO2 auction,CapacityinMWinA_Wind,CapacityinMW_Nuclear,AggregateFinances_Revenue LTC,CO2CapinTonpA_CO2_cap,CapacityinMWinA_CcgtCCS,CountryAProdCosts_Downpayment,GenerationinMWh_CoalPSC,ProducerCosts_Commodity,CountryAProdFinances_TI Profit,Total_EnergyServedinMWh_Country A,CapacityinMWinA_Lignite,AggregateFinances_TI Revenue LTC,tick,CountryAProdCosts_CO2 auction,CountryBProdCosts_Capacity Market,AggregateFinances_TI Revenue Spot,CountryBProdFinances_TI Profit,AggregateFinances_Revenue CO2Hedge,CountryBProdFinances_TI Revenue RES,PeakDemandPerZoneInMW_Country A,AggregateFinances_Total Revenue,CountryBProdCosts_Downpayment,CapacityinMW_IGCC,CO2BankedCertificates,CountryBProdCosts_CO2 tax,AggregateFinances_Profit,CountryAProdCosts_Loan,ProducerCosts_Loan,PriceInEURperMWh_Segment Country A 1,PriceInEURperMWh_Segment Country A 2,PriceInEURperMWh_Segment Country A 3,PriceInEURperMWh_Segment Country A 4,CountryBProdFinances_Revenue RES,PriceInEURperMWh_Segment Country A 6,CapacityinMW_Photovoltaic,PriceInEURperMWh_Segment Country A 8,PriceInEURperMWh_Segment Country A 9,ProducerCosts_Electricity ltc,CapacityinMWinB_Biomass,CapacityinMWinA_IgccCCS,FuelPricesPerGJ_Natural Gas,TotalConsumptioninMWh,ProducerCosts_CO2 tax,GenerationinMWhPerProducer_Energy Producer C,GenerationinMWhPerProducer_Energy Producer B,GenerationinMWhPerProducer_Energy Producer A,CountryAProdFinances_Revenue LTC,CapacityinMWinA_CoalPSC,GenerationinMWhPerProducer_Energy Producer D,GenerationinMWh_OCGT,CountryAProdCosts_Capacity Market,runId,CountryAProdFinances_TI Revenue CM,CapacityinMW_Lignite,CountryBProdFinances_TI Revenue LTC,AggregateFinances_TI Revenue,GenerationinMWh_IGCC,CountryBProdFinances_TI Revenue,CapacityinMWinB_CcgtCCS,CountryBProdFinances_Revenue LTC,CountryAProdFinances_Revenue CM,ProducerCosts_Strategic Reserve,CountryAProdCosts_Commodity,GenerationinMWh_Biomass,GenerationinMWh_CCGT,AggregateFinances_Revenue RES,FuelPricesPerGJ_Coal,ProducerCosts_Capacity Market,CountryBProdCosts_Strategic Reserve,CountryBProdCosts_Electricity spot,CountryBProdCosts_Commodity,AggregateFinances_Revenue Spot,GenerationinMWh_CoalPscCSS,ProducerCosts_Unclassified,GenerationinMWh_IgccCCS,EUCO2PriceFloor_EU CO2 price floor,AggregateFinances_TI Revenue CO2Hedge,AggregateFinances_TI Revenue RES,CountryBProdFinances_Revenue CO2Hedge,CapacityinMWinA_CoalPscCSS,GenerationinMWh_Wind,NationalTotalProductioninMWh_Country A,CountryAProdCosts_Fixed O&M,GenerationinMWh_WindOffshore,GenerationinMWh_Lignite,CapacityinMWinB_OCGT,CapacityinMWinA_CCGT,CountryAProdCosts_Strategic Reserve,CountryAProdFinances_Revenue RES,CountryBProdFinances_Revenue Spot,CapacityinMW_CoalPSC,CapacityinMW_CCGT,CapacityinMWinB_Lignite,CountryAProdCosts_National CO2 MinPrice,NationalGovernmentCash_Country A,CountryBProdCosts_Loan,CountryBProdFinances_TI Revenue CO2Hedge,SpotMarketCash_Country A electricity spot market,CapacityinMWinB_Wind,PriceInEURperMWh_Segment Country A 18,PriceInEURperMWh_Segment Country A 19,CapacityinMWinA_WindOffshore,CapacityinMWinB_Nuclear,AggregateFinances_TI Profit,PriceInEURperMWh_Segment Country A 12,PriceInEURperMWh_Segment Country A 13,PriceInEURperMWh_Segment Country A 10,CapacityinMWinA_OCGT,PriceInEURperMWh_Segment Country A 16,PriceInEURperMWh_Segment Country A 17,CountryAProdFinances_TI Revenue,PriceInEURperMWh_Segment Country A 15,CountryAProdFinances_TI Revenue LTC,AggregateFinances_TI Revenue CM,CapacityinMWinB_IgccCCS,ProducerCosts_National CO2 MinPrice,CO2Auction,CountryAProdFinances_TI Revenue Spot,CountryAProdCosts_Electricity spot,ProducerCosts_Downpayment,Avg_El_PricesinEURpMWh_Country A,TotalOperationalCapacityPerZoneInMW_Country A,CO2Emissions_inTonpA,CapacityinMWinA_Nuclear,PriceInEURperMWh_Segment Country A 5,FuelPricesPerGJ_Uranium,CapacityinMW_Wind,CountryAProdFinances_Revenue Spot,PriceInEURperMWh_Segment Country A 7,CapacityinMWinA_Biomass,Forc_CO2Emissions_inTonpA,CapacityinMWinB_CoalPSC,ProducerCosts_Fixed O&M,CountryAProdFinances_Profit,NationalMinCO2PriceinEURpTon_Country A,AggregateFinances_Revenue CM,CapacityinMWinB_CCGT,CapacityinMWinB_IGCC,FuelPricesPerGJ_Biomass,CountryAProdCosts_CO2 tax,CountryBProdCosts_National CO2 MinPrice,CountryBProdCosts_Unclassified,GenerationinMWh_CcgtCCS,PriceInEURperMWh_Segment Country A 14,PriceInEURperMWh_Segment Country A 20,CountryBProdFinances_Total Revenue,Total_DemandinMWh_Country A,PriceInEURperMWh_Segment Country A 11,FuelPricesPerGJ_Lignite,CapacityinMW_CoalPscCSS,CapacityinMW_CcgtCCS,CountryAProdCosts_Electricity ltc,CountryBProdFinances_TI Revenue Spot,EUGovernmentCash,ProducerCash_Energy Producer B,ProducerCash_Energy Producer C,ProducerCash_Energy Producer A,Forc_Total_DemandinMWh_Country A,ProducerCash_Energy Producer D,EnergyNotServedinMWh_Country A,CountryAProdFinances_Total Revenue,CountryAProdFinances_TI Revenue RES,CountryBProdCosts_Electricity ltc,CountryAProdCosts_CO2 Hedging,CO2Tax,GenerationinMWh_Photovoltaic,Forc_CO2Auction,CountryBProdCosts_CO2 Hedging,CountryAProdFinances_Revenue CO2Hedge,CapacityinMWinB_WindOffshore,ProducerCosts_Electricity spot
0,3750.0,0,0,0,0,0,0,0,500.0,0,0,0,0,-4.723751869131025e-12,8760000.0,0,0,0,1800.0,1000.0,0,720000000000.0,0,0,71997010.20105264,3736833128.7466426,0,110534317.35999998,0,0,0,0,0,0,0,0,0,18390.0,5805145015.44687,0,0,0,0,621022228.5332031,640616018.911165,640616018.911165,58.189642660824745,57.353943493922074,57.23554170245521,56.99947090281833,0,56.76437378877581,0,56.41354499770198,56.18086456379972,0,0,0,0.009019097113888888,110534317.36,0.0,52036713.29052633,25509487.6368421,17067233.54,0,8338.0,15920882.892631581,0,0,baseRun,0,0,0,0,0,0,0,0,0,0,3736833128.7466426,2440200.0,23644108.737894733,0,0.0034414832917155727,0,0,0,0,5805145015.44687,0,0,0,0.0,0,0,0,0,3692998.4210526324,110534317.35999994,806673639.2558599,0,0,0,9312.0,0,0,0,8338.0,9312.0,0,0,,0,0,-5805145015.44688,0,31.46573222097932,31.363097609985843,0,0,0,55.71837884325145,55.60335352030448,55.94914383176202,3750.0,31.568702700052683,31.568702700052683,0,55.48856565625698,0,0,0,0,0,0,0,0,52.51893849889234,22840.0,67760362.34531203,1000.0,56.88180088648767,0.001286008230452675,1800.0,5805145015.44687,56.76437378877581,500.0,0,0,806673639.2558599,621022228.5332031,0.0,0,0,0,0.0045,0.0,0,0,0,55.48856565625698,31.363097609985843,0,110534317.36,55.94914383176202,0.0014277777777777776,0,0,0,0,0.0,2911819662.1393123,3788596525.319187,2757593868.3591266,,3163012172.7156034,1.4901161193847656e-08,5805145015.44687,0,0,0,0.0,0,0,0,0,0,0
0,0,0,0,0,0,0,0,0,500.0,0,0,0,0,-5.578381282408171,8760000.0,0,0,0,1800.0,1000.0,0,720000000000.0,0,0,72219891.27513768,3816450012.189258,0,112195941.77880996,0,0,1,0,0,0,0,0,0,18666.4505521158,26809655268.62663,0,0,0,0,21228399136.198906,1080626140.9826038,1080626140.9826038,2000.0,2000.0,2000.0,2000.0,0,57.353943493922074,0,56.18086456379972,56.18086456379972,0,0,0,0.009019097113888888,112195941.77880996,0.0,53961728.324047334,22606570.312577,21045037.122658897,0,8338.0,14511159.473684212,0,0,baseRun,0,0,0,0,0,0,0,0,0,0,3816450012.189258,2469360.739988491,24982244.796788644,0,0.0034414832917155727,0,0,0,0,26809655268.62663,0,0,0,0.0,0,0,0,0,3692998.4210526324,112124495.23296738,684179979.2558599,0,0,0,6984.0,0,0,0,8338.0,6984.0,0,0,,0,0,-32614800284.073517,0,31.46573222097932,31.46573222097932,0,0,0,55.60335352030448,55.48856565625698,55.94914383176202,0,46.28640857628853,31.568702700052683,0,54.918171097486734,0,0,0,0,0,0,0,0,240.22748000500383,16762.0,68364628.1430115,1000.0,57.353943493922074,0.001286008230452675,1800.0,26809655268.62663,57.23554170245521,500.0,0,0,684179979.2558599,21228399136.198906,0.0,0,0,0,0.0045,0.0,0,0,0,55.48856565625698,31.363097609985843,0,112195941.77880996,55.71837884325145,0.0014265147011981974,0,0,0,0,0.0,6961531751.757504,14341154152.698479,7229474461.134534,,5317260999.141627,0.0,26809655268.62663,0,0,0,0.0,0,0,0,0,0,0
0,150.0,0,0,0,0,0,0,0,500.0,0,0,0,0,-5.425443085277453,8760000.0,0,0,0,1800.0,1000.0,0,720000000000.0,0,465782283.00000006,72318113.26704751,3871401580.643886,0,113173581.74509728,0,0,2,0,0,0,0,0,0,18829.104100890778,27063957572.512302,0,0,0,0,21730973388.977707,309464840.63484937,309464840.63484937,2000.0,2000.0,2000.0,2000.0,0,57.353943493922074,0,57.23554170245521,56.18086456379972,0,0,0,0.009019097113888888,113173581.74509728,0.0,54276019.195539474,22822777.437201515,21493532.393636174,0,8338.0,14511159.473684212,95400.0,0,baseRun,0,0,0,0,0,0,0,0,0,0,3871401580.643886,2519431.074445841,25717545.73751539,0,0.0034414832917155727,0,0,0,0,27063957572.512302,0,0,0,0.0,0,0,0,0,3692998.4210526324,113103488.50006132,686335479.2558599,0,0,0,6984.0,0,0,0,8338.0,6984.0,0,0,,0,0,-59678757856.58603,0,31.46573222097932,31.46573222097932,0,0,0,55.60335352030448,55.48856565625698,55.94914383176202,150.0,46.28640857628853,31.568702700052683,0,54.918171097486734,0,0,0,0,0,0,0,465782283.00000006,240.37539188126527,16912.0,68735388.89710435,1000.0,58.189642660824745,0.001286008230452675,1800.0,27063957572.512302,57.23554170245521,500.0,0,0,686335479.2558599,21730973388.977707,0.0,0,0,0,0.0045,0.0,0,0,0,55.48856565625698,31.363097609985843,0,113173581.7450973,55.71837884325145,0.0014369099213977208,0,0,0,0,0.0,11294142387.610016,24945146742.385555,11936112606.463999,,7404993017.250376,1.4901161193847656e-08,27063957572.512302,0,0,0,0.0,0,0,0,0,0,0
0,150.0,0,0,0,0,0,0,0,500.0,0,0,0,0,-31.51803177011723,8760000.0,0,0,0,1800.0,1000.0,0,720000000000.0,0,465782283.00000006,72668615.14712179,4046911934.6440516,0,116813975.70144863,0,0,3,0,0,0,0,0,0,19434.76980233318,27378187352.19493,0,0,0,0,21393461280.570107,785696374.7249138,785696374.7249138,2000.0,2000.0,2000.0,2000.0,0,57.353943493922074,0,57.23554170245521,56.18086456379972,0,0,0,0.009019097113888888,116813975.70144862,0.0,55578791.24058439,23557318.967608232,22746415.312111553,0,8338.0,14511159.473684212,95400.0,0,baseRun,0,0,0,0,0,0,0,0,0,0,4046911934.6440516,2657042.9319828935,28519628.49383106,0,0.0034414832917155727,0,0,0,0,27378187352.19493,0,0,0,0.0,0,0,0,0,3692998.4210526324,116393684.99398835,686335479.2558599,0,0,0,6984.0,0,0,0,8338.0,6984.0,0,0,,0,0,-87056945208.78136,0,31.568702700052683,31.46573222097932,0,0,0,55.71837884325145,55.60335352030448,55.94914383176202,150.0,54.918171097486734,46.28640857628853,0,54.918171097486734,0,0,0,0,0,0,0,465782283.00000006,241.5701425935244,16912.0,69951131.61927886,1000.0,58.189642660824745,0.001286008230452675,1800.0,27378187352.19493,57.353943493922074,500.0,0,0,686335479.2558599,21393461280.570107,0.0,0,0,0,0.0045,0.0,0,0,0,55.48856565625698,31.46573222097932,0,116813975.70144862,55.71837884325145,0.0014396914775483833,0,0,0,0,0.0,15493477517.365843,35548658409.54585,16494814864.739742,,9436905242.628569,-1.4901161193847656e-08,27378187352.19493,0,0,0,0.0,0,0,0,0,0,0
0,150.0,0,0,0,0,0,0,0,500.0,0,0,0,0,-54.26872314460725,8760000.0,0,0,0,1800.0,1000.0,0,720000000000.0,0,543412663.5000001,72818707.26724365,4191467828.2041097,0,119743556.12206252,0,0,4,0,0,0,0,0,0,19922.174847407317,46610320063.8987,0,0,0,0,40448584599.92804,739376057.0106876,739376057.0106876,2000.0,2000.0,2000.0,2000.0,0,58.189642660824745,0,57.353943493922074,57.23554170245521,0,0,0,0.009019097113888888,119743556.12206253,0.0,56545410.787719674,24111600.282550786,23833567.09688201,0,8338.0,14511159.47368421,181800.0,0,baseRun,0,0,0,0,0,0,0,0,0,0,4191467828.2041097,2801281.27531936,30746950.677221023,0,0.0034414832917155727,0,0,0,0,46610320063.8987,0,0,0,0.0,0,0,0,0,3692998.421052632,119001737.64083663,687478915.2558599,0,0,0,6984.0,0,0,0,8338.0,6984.0,0,0,,0,0,-133667265272.68031,0,31.568702700052686,31.465732220979323,0,0,0,55.71837884325145,55.60335352030448,56.18086456379972,150.0,54.918171097486734,46.28640857628853,0,55.48856565625698,0,0,0,0,0,0,0,543412663.5000001,401.641295647885,16912.0,70848709.66350527,1000.0,2000.0,0.001286008230452675,1800.0,46610320063.8987,57.353943493922074,500.0,0,0,687478915.2558599,40448584599.92804,0.0,0,0,0,0.0045,0.0,0,0,0,55.60335352030448,31.465732220979323,0,119743556.12206253,55.94914383176202,0.0014383525038470727,0,0,0,0,0.0,23604413448.888878,55101263660.65882,25543968666.76701,,13172794857.893446,1.4901161193847656e-08,46610320063.8987,0,0,0,0.0,0,0,0,0,0,0
0,150.0,0,0,0,0,0,0,0,500.0,0,0,0,0,-114.98766045901998,8760000.0,0,0,0,1800.0,1000.0,0,720000000000.0,0,543412663.5000001,73003591.12175411,4407454785.637907,0,124520224.99299975,0,0,5,0,0,0,0,0,0,20716.886776105795,66087083403.87172,0,0,0,0,59626976484.60021,818747979.3590317,818747979.3590317,2000.0,2000.0,2000.0,2000.0,0,2000.0,0,57.353943493922074,57.353943493922074,0,0,0,0.009019097113888888,124520224.99299976,0.0,58009847.58705797,24931504.03856408,25433205.976824205,0,8338.0,14511159.47368421,268200.0,0,baseRun,0,0,0,0,0,0,0,0,0,0,4407454785.637907,2903240.7322987597,34257686.80102495,0,0.0034414832917155727,0,0,0,0,66087083403.87172,0,0,0,0.0,0,0,0,0,3692998.421052632,122885717.07613038,690491490.7745689,0,0,0,6984.0,0,0,0,8338.0,6984.0,0,0,,0,0,-199754348676.55164,0,46.28640857628853,31.568702700052683,0,0,0,55.94914383176202,55.71837884325145,57.23554170245521,150.0,55.48856565625698,54.918171097486734,0,55.48856565625698,0,0,0,0,0,0,0,543412663.5000001,556.9866199768686,16912.0,72192952.39293791,1000.0,2000.0,0.001286008230452675,1800.0,66087083403.87172,58.189642660824745,500.0,0,0,690491490.7745689,59626976484.60021,0.0,0,0,0,0.0045,0.0,0,0,0,55.60335352030448,31.46573222097932,0,124520224.99299973,56.18086456379972,0.0014359385374846944,0,0,0,0,0.0,35664345125.3982,83645224060.38196,39093824209.33708,,18646023723.691074,-1.4901161193847656e-08,66087083403.87172,0,0,0,0.0,0,0,0,0,0,0
0,150.0,0,0,0,0,0,0,0,500.0,0,0,0,0,-130.14899878361035,8760000.0,0,0,0,1800.0,1000.0,0,720000000000.0,0,77630380.50000001,73007612.28885919,4444151612.658509,0,125407181.87825155,0,0,6,0,0,0,0,0,0,20864.45304791491,66131587022.15712,0,0,0,0,60139275060.09121,773126108.333613,773126108.333613,2000.0,2000.0,2000.0,2000.0,0,2000.0,0,58.189642660824745,57.353943493922074,0,0,0,0.009019097113888888,125407181.87825155,0.0,58264214.48781593,25083563.30114142,25685046.081166167,0,8338.0,14511159.47368421,268200.0,0,baseRun,0,0,0,0,0,0,0,0,0,0,4444151612.658509,2944661.3077816176,34870511.3261143,0,0.0034414832917155727,0,0,0,0,66131587022.15712,0,0,0,0.0,0,0,0,0,3692998.421052632,123543983.34380765,697403860.5737889,0,0,0,6984.0,0,0,0,8338.0,6984.0,0,0,,0,0,-265885935698.7085,0,46.28640857628853,31.568702700052683,0,0,0,55.94914383176202,55.71837884325145,57.23554170245521,150.0,55.48856565625698,54.918171097486734,0,55.48856565625698,0,0,0,0,0,0,0,77630380.50000001,557.0493096548861,16912.0,72396033.16427015,1000.0,2000.0,0.001286008230452675,1800.0,66131587022.15712,58.189642660824745,500.0,0,0,697403860.5737889,60139275060.09121,0.0,0,0,0,0.0045,0.0,0,0,0,55.60335352030448,31.46573222097932,0,125407181.87825155,56.18086456379972,0.001440608484793225,0,0,0,0,0.0,47926856414.86564,112264558566.08453,52800799535.73237,,24196477662.21707,0.0,66131587022.15712,0,0,0,0.0,0,0,0,0,0,0
0,150.0,0,0,0,0,0,0,0,500.0,0,0,0,0,-3.122715034907235e-12,8760000.0,0,0,0,1800.0,1000.0,0,720000000000.0,0,530411380.50000006,101889431.9226084,3687192240.8241134,0,125404499.54504082,0,0,7,0,0,0,0,0,0,20864.006778295454,5599112496.277606,0,0,0,0,-243587624.48946667,727849501.3150859,727849501.3150859,58.189642660824745,58.189642660824745,57.353943493922074,56.18086456379972,0,55.71837884325145,0,55.60335352030448,55.48856565625698,0,0,0,0.009019097113888888,125404499.54504082,0.0,48362993.8778258,28685564.78188161,27237567.758586258,0,12886.0,21118373.126747154,0,0,baseRun,0,0,0,0,0,0,0,0,0,0,3687192240.8241134,1432200.0,9629869.201379774,0,0.0034414832917155727,0,0,0,0,5599112496.277606,0,0,0,0.0,0,0,0,0,3692998.421052632,125404499.54504077,897246998.1278735,0,0,0,6984.0,0,0,0,12886.0,6984.0,0,0,,0,0,-271485048194.98532,0,30.058918038537325,29.96087215998907,0,0,0,31.46573222097932,31.46573222097932,54.918171097486734,150.0,30.754282073444347,30.754282073444347,0,31.15883161368739,0,0,0,0,0,0,0,530411380.50000006,44.64841785255576,21460.0,84896954.51369327,1000.0,55.94914383176202,0.001286008230452675,1800.0,5599112496.277606,55.60335352030448,500.0,0,0,897246998.1278735,-243587624.48946667,0.0,0,0,0,0.0045,0.0,0,0,0,31.363097609985843,29.571876282098717,0,125404499.54504085,31.568702700052683,0.0014382720360575252,0,0,0,0,0.0,47866417629.26943,112554126824.46535,52540028207.26263,,23984531893.412994,2.9802322387695312e-08,5599112496.277606,0,0,0,0.0,0,0,0,0,0,0
0,4350.0,0,0,0,0,0,0,0,500.0,0,0,0,0,-4.006235168655601e-12,8760000.0,0,0,0,1800.0,1000.0,0,720000000000.0,0,511017261.00000006,103855647.94168659,3911785418.622696,0,130331013.09617798,0,0,8,0,0,0,0,0,0,21683.64891631437,6053930732.8137,0,0,0,0,-164493253.20097256,813982390.2352945,813982390.2352945,84.04310219919343,84.04310219919343,58.189642660824745,57.23554170245521,0,55.94914383176202,0,55.71837884325145,55.60335352030448,0,0,0,0.009019097113888888,130331013.09617798,0.0,50768359.72815061,30072199.95792867,28350158.636760056,0,12886.0,21140294.773338623,1207.2345011217985,0,baseRun,0,0,0,0,0,0,0,0,0,0,3911785418.622696,1633800.0,12387359.498937631,0,0.0034414832917155727,0,0,0,0,6053930732.8137,0,0,0,0.0,0,0,0,0,3692998.421052632,130331013.09617792,981638916.1566817,0,0,0,6984.0,0,0,0,12886.0,6984.0,0,0,,0,0,-277538978927.7978,0,30.058918038537325,29.96087215998907,0,0,0,31.568702700052683,31.46573222097932,55.48856565625698,4350.0,31.15883161368739,30.754282073444347,0,31.363097609985843,0,0,0,0,0,0,0,511017261.00000006,46.45042334126718,25660.0,87471971.10362095,1000.0,56.18086456379972,0.001286008230452675,1800.0,6053930732.8137,55.71837884325145,500.0,0,0,981638916.1566817,-164493253.20097256,0.0,0,0,0,0.0045,0.0,0,0,0,31.363097609985843,29.96087215998907,0,130331013.09617798,54.918171097486734,0.0014319672879533276,0,0,0,0,0.0,47825719108.414406,112831977356.33081,52270073181.447334,,23852841655.017265,0.0,6053930732.8137,0,0,0,0.0,0,0,0,0,0,0
0,3450.0,0,0,0,0,0,0,0,500.0,0,0,0,0,-3.007003040520732e-12,8760000.0,0,0,0,1800.0,1000.0,0,720000000000.0,0,543412663.5000001,107159442.58865252,3801815453.596997,0,130230169.6730248,0,0,9,0,0,0,0,0,0,21666.87122594563,5807017856.656529,0,0,0,0,-2357207203.6431427,2779576310.6721497,2779576310.6721497,58.189642660824745,58.189642660824745,57.353943493922074,56.18086456379972,0,55.71837884325145,0,55.60335352030448,55.48856565625698,0,0,0,0.009019097113888888,130230169.6730248,0.0,47282853.603420496,28406920.3911125,26904671.05844616,0,13644.0,27635724.62004565,0,0,baseRun,0,0,0,0,0,0,0,0,0,0,3801815453.596997,1432200.0,9185528.663319664,0,0.0034414832917155727,0,0,0,0,5807017856.656529,0,0,0,0.0,0,0,0,0,3692998.421052632,130230169.67302477,1039420632.5305266,0,0,0,6984.0,0,0,0,13644.0,6984.0,0,0,,0,0,-283345996784.45685,0,29.96087215998907,29.571876282098717,0,0,0,31.46573222097932,31.363097609985843,54.918171097486734,3450.0,30.754282073444347,30.058918038537325,0,31.15883161368739,0,0,0,0,0,0,0,543412663.5000001,44.59041918809208,25518.0,88599602.62255388,1000.0,55.94914383176202,0.001286008230452675,1800.0,5807017856.656529,55.60335352030448,500.0,0,0,1039420632.5305266,-2357207203.6431427,0.0,0,0,0,0.0045,0.0,0,0,0,31.15883161368739,29.571876282098717,0,130230169.6730248,31.568702700052683,0.0014250991852349222,0,0,0,0,0.0,47216907109.44288,112454057680.43013,51438396682.842155,,23314042624.851738,0.0,5807017856.656529,0,0,0,0.0,0,0,0,0,0,0
0,150.0,0,0,0,0,0,0,0,500.0,0,0,0,0,-0.0043607216146481845,8760000.0,0,0,0,1800.0,1000.0,0,720000000000.0,0,543412663.5000001,108781886.99612913,3968367522.612393,0,133943532.29915598,0,0,10,0,0,0,0,0,0,22284.676992747827,6166607855.187435,0,0,0,0,-2082508238.7565355,2680254295.3971395,2680254295.3971395,2000.0,58.189642660824745,57.353943493922074,57.23554170245521,0,55.94914383176202,0,55.60335352030448,55.48856565625698,0,0,0,0.009019097113888888,133943532.29915597,0.0,49045820.976828806,29327500.138160966,27817182.640511874,0,13644.0,27752961.866661597,150.0,0,baseRun,0,0,0,0,0,0,0,0,0,0,3968367522.612393,1478247.1998100807,11230183.005171426,0,0.0034414832917155727,0,0,0,0,6166607855.187435,0,0,0,0.0,0,0,0,0,3692998.421052632,133943465.62216322,1057081612.4344391,0,0,0,6984.0,0,0,0,13644.0,6984.0,0,0,,0,0,-289512604639.6462,0,30.058918038537325,29.96087215998907,0,0,0,31.568702700052683,31.46573222097932,54.918171097486734,150.0,30.754282073444347,30.058918038537325,0,31.15883161368739,0,0,0,0,0,0,0,543412663.5000001,46.03985801568851,22218.0,90645485.8791908,1000.0,56.18086456379972,0.001286008230452675,1800.0,6166607855.187435,55.71837884325145,500.0,0,0,1057081612.4344391,-2082508238.7565355,0.0,0,0,0,0.0045,0.0,0,0,0,31.363097609985843,29.571876282098717,0,133943532.29915597,46.28640857628853,0.0014268213315834248,0,0,0,0,0.0,46592020855.20226,112189861845.06396,50727641333.97278,,22831371824.57163,-1.4901161193847656e-08,6166607855.187435,0,0,0,0.0,0,0,0,0,0,0
0,150.0,0,0,0,0,0,0,0,500.0,0,0,0,0,-2.7484669148367105,8760000.0,0,0,0,1800.0,1000.0,0,720000000000.0,0,543412663.5000001,108889166.8661614,3978960950.162593,0,134222768.53488156,0,0,11,0,0,0,0,0,0,22331.134549981103,8549458885.670347,0,0,0,0,1781242896.8749428,1238519001.8013597,1238519001.8013597,2000.0,2000.0,2000.0,57.235541702455215,0,55.94914383176203,0,55.603353520304495,55.48856565625699,0,0,0,0.009019097113888888,134222768.5348816,0.0,49175415.023188114,29406090.456977647,27845128.73201819,0,13644.0,27754021.6698968,9000.0,0,baseRun,0,0,0,0,0,0,0,0,0,0,3978960950.162593,1496434.019316758,11333056.575549943,0,0.0034414832917155727,0,0,0,0,8549458885.670347,0,0,0,0.0,0,0,0,0,3692998.421052632,134180655.88208069,1007323373.3314527,0,0,0,5432.0,0,0,0,13644.0,5432.0,0,0,,0,0,-298062063525.31757,0,30.058918038537325,29.96087215998907,0,0,0,31.568702700052683,31.46573222097932,54.91817109748674,150.0,30.754282073444347,30.058918038537325,0,31.15883161368739,0,0,0,0,0,0,0,543412663.5000001,64.3235442504549,20666.0,90774203.97322832,1000.0,56.18086456379973,0.001286008230452675,1800.0,8549458885.670347,55.718378843251465,500.0,0,0,1007323373.3314527,1781242896.8749428,0.0,0,0,0,0.0045,0.0,0,0,0,31.363097609985843,29.571876282098717,0,134222768.53488156,46.28640857628852,0.0014362388888750958,0,0,0,0,0.0,46922623772.87064,113206563413.635,50910284185.21605,,23082667383.96419,0.0,8549458885.670347,0,0,0,0.0,0,0,0,0,0,0
0,150.0,0,0,0,0,0,0,0,500.0,0,0,0,0,-8.517955594553914,8760000.0,0,0,0,1800.0,1000.0,0,720000000000.0,0,388151902.50000006,110596107.71438833,4180865044.533469,0,138665724.48665142,0,0,12,0,0,0,0,0,0,23070.325435712442,32082681742.114822,0,0,0,0,25245411776.77095,1159147079.4530156,1159147079.4530156,2000.0,2000.0,2000.0,2000.0,0,55.94914383176202,0,55.71837884325145,55.60335352030448,0,0,0,0.009019097113888888,138665724.4866514,0.0,51317554.68235866,30638252.91400394,28802401.00970313,0,13644.0,27772681.578797627,95400.0,0,baseRun,0,0,0,0,0,0,0,0,0,0,4180865044.533469,1633800.0,13752584.049422389,0,0.0034414832917155727,0,0,0,0,32082681742.114822,0,0,0,0.0,0,0,0,0,3692998.421052632,138530890.18486327,1109105938.8573892,0,0,0,5432.0,0,0,0,13644.0,5432.0,0,0,,0,0,-330144745267.43304,0,30.058918038537325,29.96087215998907,0,0,0,31.568702700052683,31.46573222097932,55.48856565625698,150.0,31.15883161368739,30.754282073444347,0,31.363097609985843,0,0,0,0,0,0,0,388151902.50000006,233.31180409190046,20666.0,93058955.22619213,1000.0,56.18086456379972,0.001286008230452675,1800.0,32082681742.114822,55.94914383176202,500.0,0,0,1109105938.8573892,25245411776.77095,0.0,0,0,0,0.0045,0.0,0,0,0,31.46573222097932,29.96087215998907,0,138665724.48665142,54.918171097486734,0.001431360035279507,0,0,0,0,0.0,52852985185.970184,123136894103.34372,56501121525.64737,,26876549717.495937,0.0,32082681742.114822,0,0,0,0.0,0,0,0,0,0,0
0,150.0,0,0,0,0,0,0,0,500.0,0,0,0,0,-1.955731972737086,8760000.0,0,0,0,1800.0,1000.0,0,720000000000.0,0,232891141.50000006,118942088.20306608,4148432165.114267,0,142647070.47970718,0,0,13,0,0,0,0,0,0,23732.716578671556,8956600115.800932,0,0,0,0,2121273588.1791096,1115887871.6222582,1115887871.6222582,2000.0,2000.0,2000.0,57.23554170245521,0,55.71837884325145,0,55.60335352030448,55.48856565625698,0,0,0,0.009019097113888888,142647070.47970715,0.0,53080273.35018045,28533572.037516743,33681689.25808783,0,15160.0,27319688.866279013,9000.0,0,baseRun,0,0,0,0,0,0,0,0,0,0,4148432165.114267,1432200.0,9778936.887945298,0,0.0034414832917155727,0,0,0,0,8956600115.800932,0,0,0,0.0,0,0,0,0,3692998.421052632,142615223.51206395,1338115349.385297,0,0,0,5432.0,0,0,0,15160.0,5432.0,0,0,,0,0,-339101345383.23584,0,29.96087215998907,29.571876282098717,0,0,0,31.46573222097932,31.363097609985843,54.918171097486734,150.0,30.058918038537325,29.96087215998907,0,30.754282073444347,0,0,0,0,0,0,0,232891141.50000006,63.23504591263569,22182.0,97425224.04212432,1000.0,55.94914383176202,0.001286008230452675,1800.0,8956600115.800932,55.71837884325145,500.0,0,0,1338115349.385297,2121273588.1791096,0.0,0,0,0,0.0045,0.0,0,0,0,31.15883161368739,29.379276404169108,0,142647070.47970715,31.568702700052683,0.0014327636578646394,0,0,0,0,0.0,53194699588.30116,124231689251.77579,56942007347.2748,,27120427933.284916,-2.9802322387695312e-08,8956600115.800932,0,0,0,0.0,0,0,0,0,0,0
0,150.0,0,0,0,0,0,0,0,500.0,0,0,0,0,3.426033755356589e-12,8760000.0,0,0,0,1800.0,1000.0,0,720000000000.0,0,698673424.5000001,136601952.391935,4138150631.485917,0,152402668.95095927,0,0,14,0,0,0,0,0,0,25355.79129583852,5787119937.970379,0,0,0,0,-2179404411.933733,1354003638.6672904,1354003638.6672904,57.23554170245521,56.18086456379972,55.94914383176202,55.71837884325145,0,54.918171097486734,0,31.568702700052683,31.46573222097932,0,0,0,0.009019097113888888,152402668.95095924,0.0,49555141.549112976,37001944.62018731,34140673.801103055,0,18950.0,31704908.980555914,0,0,baseRun,0,0,0,0,0,0,0,0,0,0,4138150631.485917,742738.6111754018,2604979.5267962236,0,0.0034414832917155727,0,0,0,0,5787119937.970379,0,0,0,0.0,0,0,0,0,3692998.421052632,152402668.9509592,1775696655.2509034,0,0,0,5432.0,0,0,0,18950.0,5432.0,0,0,,0,0,-344888465321.20386,0,28.43493028890637,27.52093854905926,0,0,0,30.058918038537325,29.96087215998907,31.363097609985843,150.0,29.379276404169108,29.379276404169108,0,29.379276404169108,0,0,0,0,0,0,0,698673424.5000001,37.972562933478486,25972.0,106743639.91404477,1000.0,55.48856565625698,0.001286008230452675,1800.0,5787119937.970379,46.28640857628853,500.0,0,0,1775696655.2509034,-2179404411.933733,0.0,0,0,0,0.0045,0.0,0,0,0,29.571876282098717,27.52093854905926,0,152402668.95095927,30.754282073444347,0.0014248693928471732,0,0,0,0,0.0,52574009623.60991,123715779162.57565,56448131876.04338,,26571499046.474186,0.0,5787119937.970379,0,0,0,0.0,0,0,0,0,0,0
0,150.0,0,0,0,0,0,0,0,500.0,0,0,0,0,-0.00786923611209453,8760000.0,0,0,0,1200.0,1000.0,0,720000000000.0,0,714844174.5000001,140406455.13624555,4350588199.05214,0,156772590.08205542,0,0,15,0,0,0,0,0,0,26082.83111044311,6311410653.112855,0,0,0,0,-2579877111.8229647,1830235172.757355,1830235172.757355,2000.0,57.2355417024552,56.18086456379971,55.94914383176201,0,55.48856565625697,0,46.28640857628854,31.568702700052683,0,0,0,0.009019097113888888,156772590.08205545,0.0,51554004.95834327,38453411.42732963,35647556.89798403,0,18950.0,31117475.967288066,150.0,0,baseRun,0,0,0,0,0,0,0,0,0,0,4350588199.05214,972752.0858574877,4171093.0814735433,0,0.0034414832917155727,0,0,0,0,6311410653.112855,0,0,0,0.0,0,0,0,0,2461998.947368421,156772449.25094503,1995620218.6263227,0,0,0,5432.0,0,0,0,18950.0,5432.0,0,0,,0,0,-351199875974.31696,0,28.43493028890637,27.52093854905926,0,0,0,30.754282073444347,30.058918038537325,31.363097609985843,150.0,29.379276404169108,29.379276404169108,0,29.571876282098717,0,0,0,0,0,0,0,714844174.5000001,40.26017757332584,25942.0,110418038.16492403,1000.0,55.60335352030447,0.001286008230452675,1200.0,6311410653.112855,54.91817109748673,500.0,0,0,1995620218.6263227,-2579877111.8229647,0.0,0,0,0,0.0045,0.0,0,0,0,29.96087215998907,27.52093854905926,0,156772590.08205542,31.15883161368739,0.0014194218618269765,0,0,0,0,0.0,51803796202.47626,122932370514.11308,55944935516.6349,,26048440363.656284,0.0,6311410653.112855,0,0,0,0.0,0,0,0,0,0,0
0,300.0,0,0,0,0,0,0,0,500.0,0,0,0,0,-0.5136474983375886,8760000.0,0,0,0,1200.0,1000.0,0,720000000000.0,0,763356424.5000001,144712120.749736,4665587085.101057,0,164434195.42453614,0,0,16,0,0,0,0,0,0,27357.520506581786,7545889694.607744,0,0,0,0,-2390865305.002239,1830235172.757355,1830235172.757355,2000.0,2000.0,85.09165962991601,56.18086456379972,0,55.60335352030448,0,55.48856565625698,54.918171097486734,0,0,0,0.009019097113888888,164434195.42453614,0.0,54585304.790916204,40159916.13720832,38088423.83110543,0,18950.0,31590908.974310663,15503.520835772906,0,baseRun,0,0,0,0,0,0,0,0,0,0,4665587085.101057,1230600.0,7244330.515600442,0,0.0034414832917155727,0,0,0,0,7545889694.607744,0,0,0,0.0,0,0,0,0,2461998.947368421,164424553.73354065,2677576317.25157,0,0,0,5432.0,0,0,0,18950.0,5432.0,0,0,,0,0,-358745765668.9263,0,29.379276404169108,28.43493028890637,0,0,0,31.15883161368739,30.754282073444347,31.568702700052683,300.0,29.571876282098717,29.379276404169108,0,29.96087215998907,0,0,0,0,0,0,0,763356424.5000001,46.00729828164366,26092.0,115025018.52291036,1000.0,55.71837884325145,0.001286008230452675,1200.0,7545889694.607744,55.60335352030448,500.0,0,0,2677576317.25157,-2390865305.002239,0.0,0,0,0,0.0045,0.0,0,0,0,30.058918038537325,28.43493028890637,0,164434195.4245361,31.363097609985843,0.0014087677246367605,0,0,0,0,0.0,51152042173.82277,121895822610.09099,55629990840.534966,,25660821667.43,-2.9802322387695312e-08,7545889694.607744,0,0,0,0.0,0,0,0,0,0,0
0,900.0,0,0,0,0,0,0,0,500.0,0,0,0,0,-17.804685308831434,8760000.0,0,0,0,1200.0,1000.0,0,720000000000.0,0,562806783.0000001,141266264.05061972,5075931787.938723,0,170472170.6676884,0,0,17,0,0,0,0,0,0,28362.08060496217,39053619672.045006,0,0,0,0,29799164193.167496,1848959007.739118,1848959007.739118,2000.0,2000.0,2000.0,2000.0,0,56.18086456379972,0,55.94914383176202,55.60335352030448,0,0,0,0.009019097113888888,170472170.66768837,0.0,52439175.00926674,43617074.343883924,42061254.29974948,0,17434.0,32008182.613800645,572400.0,0,baseRun,0,0,0,0,0,0,0,0,0,0,5075931787.938723,1633800.0,15431223.268712636,0,0.0034414832917155727,0,0,0,0,39053619672.045006,0,0,0,0.0,0,0,0,0,2461998.947368421,170125686.2667008,1766757900.1996715,0,0,0,5432.0,0,0,0,17434.0,5432.0,0,0,,0,0,-397799385340.97235,0,29.379276404169108,29.379276404169108,0,0,0,31.363097609985843,31.15883161368739,55.48856565625698,900.0,29.96087215998907,29.571876282098717,0,30.058918038537325,0,0,0,0,0,0,0,562806783.0000001,233.15587710501111,25176.0,114842925.66182056,1000.0,57.23554170245521,0.001286008230452675,1200.0,39053619672.045006,56.18086456379972,500.0,0,0,1766757900.1996715,29799164193.167496,0.0,0,0,0,0.0045,0.0,0,0,0,30.754282073444347,28.43493028890637,0,170472170.6676884,54.918171097486734,0.0014065504871741802,0,0,0,0,0.0,58800862255.3264,131782030581.63304,63305517261.43212,,30249431386.654827,0.0,39053619672.045006,0,0,0,0.0,0,0,0,0,0,0
0,1800.0,0,0,0,0,0,0,0,500.0,0,0,0,0,-0.11694927484099052,8760000.0,0,0,0,1200.0,1000.0,0,720000000000.0,0,323415000.00000006,152175781.1554201,4915026305.72213,0,173700005.88612118,0,0,18,0,0,0,0,0,0,28899.107395236264,7950828026.612564,0,0,0,0,-1591398831.204258,1877044760.211763,1877044760.211763,2000.0,2000.0,82.4944431682023,57.23554170245521,0,55.71837884325145,0,55.48856565625698,54.918171097486734,0,0,0,0.009019097113888888,173700005.88612118,0.0,46430063.13907816,45165378.05881374,45097843.6700885,0,19708.0,37004402.05812612,66101.169619147,0,baseRun,0,0,0,0,0,0,0,0,0,0,4915026305.72213,1230600.0,9003205.653698863,0,0.0034414832917155727,0,0,0,0,7950828026.612564,0,0,0,0.0,0,0,0,0,2461998.947368421,173697686.92610657,2426740791.882929,0,0,0,5432.0,0,0,0,19708.0,5432.0,0,0,,0,0,-405750213367.5849,0,27.52093854905926,27.52093854905926,0,0,0,30.754282073444347,29.96087215998907,31.363097609985843,1800.0,29.379276404169108,28.43493028890637,0,29.379276404169108,0,0,0,0,0,0,0,323415000.00000006,45.80003268311617,28350.0,119676456.865536,1000.0,55.94914383176202,0.001286008230452675,1200.0,7950828026.612564,55.60335352030448,500.0,0,0,2426740791.882929,-1591398831.204258,0.0,0,0,0,0.0045,0.0,0,0,0,29.571876282098717,27.52093854905926,0,173700005.8861211,31.15883161368739,0.0014076944446646063,0,0,0,0,0.0,57860042029.92983,131455619172.17363,63141269046.49708,,30089512405.24199,-8.940696716308594e-08,7950828026.612564,0,0,0,0.0,0,0,0,0,0,0
0,4800.0,0,0,0,0,0,0,0,500.0,0,0,0,0,0.0,8760000.0,0,0,0,600.0,1000.0,0,720000000000.0,0,824708250.0000001,167886924.4040268,4838927758.384015,0,180478309.3183237,0,0,19,0,0,0,0,0,0,30026.838611164625,6344864111.530475,0,0,0,0,-3293860570.480138,1970663935.1205778,1970663935.1205778,57.23554170245521,57.23554170245521,55.94914383176202,55.60335352030448,0,46.28640857628853,0,30.754282073444347,30.058918038537325,0,0,0,0.009019097113888888,180478309.31832367,0.0,42518700.64154957,51223316.472279705,42466116.12282307,0,23498.0,44270176.08167133,0,0,baseRun,0,0,0,0,0,0,0,0,0,0,4838927758.384015,579529.1651466158,2020856.275466055,0,0.0034414832917155727,0,0,0,0,6344864111.530475,0,0,0,0.0,0,0,0,0,1230999.4736842103,180478309.31832364,2004424738.5060196,0,0,0,5432.0,0,0,0,23498.0,5432.0,0,0,,0,0,-412095077479.1174,0,27.52093854905926,27.34169630705563,0,0,0,29.379276404169108,28.43493028890637,29.571876282098717,4800.0,27.52093854905926,27.52093854905926,0,27.52093854905926,0,0,0,0,0,0,0,824708250.0000001,35.15582640094207,35110.0,127002012.60411596,1000.0,55.48856565625698,0.001286008230452675,600.0,6344864111.530475,31.15883161368739,500.0,0,0,2004424738.5060196,-3293860570.480138,0.0,0,0,0,0.0045,0.0,0,0,0,27.52093854905926,26.986706402183042,0,180478309.3183237,29.379276404169108,0.001404681780385767,0,0,0,0,0.0,57054839729.14205,130330892532.98871,62419820355.5753,,29447029465.656597,0.0,6344864111.530475,0,0,0,0.0,0,0,0,0,0,0
0,8550.0,0,0,0,0,0,0,0,500.0,0,0,0,0,1.4111309200357852e-12,8760000.0,0,0,0,600.0,1000.0,0,720000000000.0,0,799220589.5794177,171120349.5519661,5002997836.358566,0,185006465.6719381,0,0,20,0,0,0,0,0,0,30780.204600405392,6878852398.64676,0,0,0,0,-5249174229.762736,3763471134.6244316,3763471134.6244316,81.98459123405252,81.98459123405252,56.18086456379972,55.71837884325145,0,54.918171097486734,0,31.15883161368739,30.754282073444347,0,0,0,0.009019097113888888,185006465.6719381,0.0,44060919.186990336,48726932.575324185,45986502.468507275,0,23498.0,46232111.44111632,1435.8767516065855,0,baseRun,0,0,0,0,0,0,0,0,0,0,5002997836.358566,753003.3469920899,3140677.422544106,0,0.0034414832917155727,0,0,0,0,6878852398.64676,0,0,0,0.0,0,0,0,0,1230999.4736842103,185006465.67193812,2562337067.84708,0,0,0,5432.0,0,0,0,23498.0,5432.0,0,0,,0,0,-418973929877.7682,0,27.52093854905926,27.34169630705563,0,0,0,29.379276404169108,28.43493028890637,29.96087215998907,8550.0,27.52093854905926,27.52093854905926,0,27.52093854905926,0,0,0,0,0,0,0,799220589.5794177,37.1816864543785,38860.0,129950793.14550889,1000.0,55.48856565625698,0.001286008230452675,600.0,6878852398.64676,46.28640857628853,500.0,0,0,2562337067.84708,-5249174229.762736,0.0,0,0,0,0.0045,0.0,0,0,0,27.52093854905926,27.34169630705563,0,185006465.67193806,29.571876282098717,0.001398468000585593,0,0,0,0,0.0,55868658576.38362,128351727491.03958,61287232073.9474,,28495789712.229633,-2.9802322387695312e-08,6878852398.64676,0,0,0,0.0,0,0,0,0,0,0
0,2100.0,0,0,0,0,0,0,0,500.0,0,0,0,0,2.780810719047097e-12,8760000.0,0,0,0,600.0,1000.0,0,720000000000.0,0,747484970.0794177,170813079.9739515,5157698218.487648,0,187764195.7635085,0,0,21,0,0,0,0,0,0,31239.018275608236,7519845971.11739,0,0,0,0,-6241575822.846579,5857417150.710444,5857417150.710444,82.4944431682023,82.4944431682023,81.815341800039,56.18086456379972,0,55.60335352030448,0,54.918171097486734,30.754282073444347,0,0,0,0.009019097113888888,187764195.76350847,0.0,42438033.19447546,52678398.90961221,45323916.95729183,0,22740.0,47323846.70212898,24222.279669429845,0,baseRun,0,0,0,0,0,0,0,0,0,0,5157698218.487648,1029000.0,5906894.036203359,0,0.0034414832917155727,0,0,0,0,7519845971.11739,0,0,0,0.0,0,0,0,0,1230999.4736842103,187764195.76350856,1998821454.6864583,0,0,0,5432.0,0,0,0,22740.0,5432.0,0,0,,0,0,-426493775848.8892,0,27.52093854905926,27.52093854905926,0,0,0,29.379276404169108,29.379276404169108,29.96087215998907,2100.0,27.52093854905926,27.52093854905926,0,27.52093854905926,0,0,0,0,0,0,0,747484970.0794177,40.0494137902028,31652.0,130473069.77854426,1000.0,55.71837884325145,0.001286008230452675,600.0,7519845971.11739,55.48856565625698,500.0,0,0,1998821454.6864583,-6241575822.846579,0.0,0,0,0,0.0045,0.0,0,0,0,27.52093854905926,27.34169630705563,0,187764195.7635085,29.571876282098717,0.0014088774586632296,0,0,0,0,0.0,54374746811.10577,126581923766.09981,59601790185.06275,,27203371268.485485,0.0,7519845971.11739,0,0,0,0.0,0,0,0,0,0,0
0,2100.0,0,0,0,0,0,0,0,0,0,0,0,0,-5.746256650264825,8760000.0,0,0,0,600.0,1000.0,0,720000000000.0,0,698673424.5000001,173575154.74953365,5717559734.703288,0,198371478.2397195,0,0,22,0,0,0,0,0,0,33003.79078605133,45916338323.73678,0,0,0,0,35101192174.565834,2594584528.8140388,2594584528.8140388,2000.0,2000.0,2000.0,2000.0,0,56.18086456379972,0,55.71837884325145,55.60335352030448,0,0,0,0.009019097113888888,198371478.23971954,0.0,47971899.130672425,53085461.0868792,52072580.54726204,0,21982.0,45111412.65457964,1703517.5094693338,0,baseRun,0,0,0,0,0,0,0,0,0,0,5717559734.703288,0,12971681.686706087,0,0.0034414832917155727,0,0,0,0,45916338323.73678,0,0,0,0.0,0,0,0,0,1230999.4736842103,198241353.41939327,1804328461.1536195,0,0,0,4656.0,0,0,0,21982.0,4656.0,0,0,,0,0,-472410114172.62665,0,27.52093854905926,27.52093854905926,0,0,0,29.571876282098717,29.379276404169108,54.918171097486734,2100.0,27.52093854905926,27.52093854905926,0,27.52093854905926,0,0,0,0,0,0,0,698673424.5000001,232.77836296903178,29768.0,135641213.27081057,1000.0,81.815341800039,0.001286008230452675,600.0,45916338323.73678,55.94914383176202,0,0,0,1804328461.1536195,35101192174.565834,0.0,0,0,0,0.0045,0.0,0,0,0,29.379276404169108,27.52093854905926,0,198371478.23971948,30.754282073444347,0.0014104241672364974,0,0,0,0,0.0,64296511501.85369,135290265830.48558,69130273144.8579,,34145973728.12252,-2.9802322387695312e-08,45916338323.73678,0,0,0,0.0,0,0,0,0,0,0
0,2100.0,0,0,0,0,0,0,0,0,0,0,0,0,-0.5510454166763744,8760000.0,0,0,0,600.0,1000.0,0,720000000000.0,0,853934185.5000001,173231957.8261716,5637895814.034522,0,197607665.8099474,0,0,23,0,0,0,0,0,0,32876.71250919583,12652723425.125805,0,0,0,0,1662077512.4022274,2197724917.0723166,2197724917.0723166,2000.0,2000.0,2000.0,81.815341800039,0,55.71837884325145,0,55.48856565625698,54.918171097486734,0,0,0,0.009019097113888888,197607665.8099474,0.0,45172177.31559794,56896125.54152867,49175136.84071976,0,21982.0,46351795.65564611,392745.3781709054,0,baseRun,0,0,0,0,0,0,0,0,0,0,5637895814.034522,0,13979532.67546575,0,0.0034414832917155727,0,0,0,0,12652723425.125805,0,0,0,0.0,0,0,0,0,1230999.4736842103,197595235.35349247,2301090996.1167417,0,0,0,6208.0,0,0,0,21982.0,6208.0,0,0,,0,0,-485062837597.75476,0,27.52093854905926,27.52093854905926,0,0,0,29.571876282098717,29.379276404169108,52.47728534820398,2100.0,27.52093854905926,27.52093854905926,0,27.52093854905926,0,0,0,0,0,0,0,853934185.5000001,64.15532659663427,31320.0,134966993.45183247,1000.0,55.94914383176202,0.001286008230452675,600.0,12652723425.125805,55.60335352030448,0,0,0,2301090996.1167417,1662077512.4022274,0.0,0,0,0,0.0045,0.0,0,0,0,29.379276404169108,27.52093854905926,0,197607665.80994737,30.058918038537325,0.0014153627621333292,0,0,0,0,0.0,65066771295.18853,135221373204.24535,69512387174.75093,,34724570043.53745,-2.9802322387695312e-08,12652723425.125805,0,0,0,0.0,0,0,0,0,0,0
0,2100.0,0,0,0,0,0,0,0,0,0,0,0,0,-0.6063634044317099,8760000.0,0,0,0,600.0,1000.0,0,720000000000.0,0,310521522.00000006,173290918.6402052,5643800519.912343,0,197738887.856425,0,0,24,0,0,0,0,0,0,32898.54440260557,12658628131.003668,0,0,0,0,1237690896.677229,2356468761.769006,2356468761.769006,2000.0,2000.0,2000.0,81.815341800039,0,55.71837884325145,0,55.48856565625698,54.918171097486734,0,0,0,0.009019097113888888,197738887.85642505,0.0,45206769.12771809,54554038.93934977,50416216.41078063,0,21982.0,47548175.97843625,404111.6912653721,0,baseRun,0,0,0,0,0,0,0,0,0,0,5643800519.912343,0,14039170.651129901,0,0.0034414832917155727,0,0,0,0,12658628131.003668,0,0,0,0.0,0,0,0,0,1230999.4736842103,197725200.45628476,3110146430.6450887,0,0,0,6208.0,0,0,0,21982.0,6208.0,0,0,,0,0,-497721465728.7606,0,27.52093854905926,27.52093854905926,0,0,0,29.571876282098717,29.379276404169108,52.47728534820398,2100.0,27.52093854905926,27.52093854905926,0,27.52093854905926,0,0,0,0,0,0,0,310521522.00000006,64.15532659663427,31320.0,135037907.80201733,1000.0,55.94914383176202,0.001286008230452675,600.0,12658628131.003668,55.60335352030448,0,0,0,3110146430.6450887,1237690896.677229,0.0,0,0,0,0.0045,0.0,0,0,0,29.379276404169108,27.52093854905926,0,197738887.856425,30.058918038537325,0.0014204104876558983,0,0,0,0,0.0,65846004994.308586,134567342379.19156,70048020423.7958,,35301424817.104095,0.0,12658628131.003668,0,0,0,0.0,0,0,0,0,0,0
0,2100.0,0,0,0,0,0,0,0,0,0,0,0,0,-2.5130872967895454e-12,8760000.0,0,0,0,0,1000.0,0,720000000000.0,0,526646916.91535527,194465847.845771,5578400702.189693,0,207767031.7698269,0,0,25,0,0,0,0,0,0,34566.96350512582,7649055442.218989,0,0,0,0,-3899293301.7010317,2277096839.4206605,2277096839.4206605,81.815341800039,81.815341800039,55.94914383176202,55.60335352030448,0,52.47728534820398,0,30.058918038537332,29.37927640416911,0,0,0,0.009019097113888888,207767031.7698269,0.0,49678672.38566095,53967427.62201638,56982620.57210245,0,26530.0,47138311.19004708,4733.354267548166,0,baseRun,0,0,0,0,0,0,0,0,0,0,5578400702.189693,0,4536450.5697882585,0,0.0034414832917155727,0,0,0,0,7649055442.218989,0,0,0,0.0,0,0,0,0,0,207767031.76982683,3166204285.3943124,0,0,0,6208.0,0,0,0,26530.0,6208.0,0,0,,0,0,-505370521170.98584,0,26.898681432856687,26.898681432856687,0,0,0,27.520938549059263,27.520938549059263,29.37927640416911,2100.0,27.341696307055635,26.986706402183046,0,27.520938549059263,0,0,0,0,0,0,0,526646916.91535527,36.815539872047275,35838.0,145273845.9605795,1000.0,54.918171097486734,0.001286008230452675,0,7649055442.218989,52.47728534820398,0,0,0,3166204285.3943124,-3899293301.7010317,0.0,0,0,0,0.0045,0.0,0,0,0,27.520938549059263,26.898681432856687,0,207767031.76982686,27.520938549059263,0.0014200575963275973,0,0,0,0,0.0,65199184338.592125,132565500026.8609,69322447629.17404,,34776367318.07262,-2.9802322387695312e-08,7649055442.218989,0,0,0,0.0,0,0,0,0,0,0
0,2100.0,0,0,0,0,0,0,0,0,0,0,0,0,-0.008077498538279404,0,0,0,0,0,0,0,720000000000.0,0,569824563.3187968,207137968.55587795,5985730700.308503,0,215144514.40056187,0,0,26,0,0,0,0,0,0,35794.38236308417,8548875925.195653,0,0,0,0,-2005234231.5789957,2550449666.0225034,2550449666.0225034,2000.0,82.66509744291771,81.815341800039,55.94914383176202,0,55.48856565625698,0,52.47728534820398,30.05891803853732,0,0,0,0.009019097113888888,215144514.40056187,0.0,42960432.50110426,55289514.86634053,66656780.407675825,0,27288.0,50237588.243078195,50857.9672103945,0,baseRun,0,0,0,0,0,0,0,0,0,0,5985730700.308503,0,7955489.495110426,0,0.0034414832917155727,0,0,0,0,8548875925.195653,0,0,0,0.0,0,0,0,0,0,215144316.01819882,1448105227.1248443,0,0,0,6208.0,0,0,0,27288.0,6208.0,0,0,,0,0,-513919397096.1858,0,26.98670640218304,26.89868143285668,0,0,0,27.520938549059256,27.520938549059256,29.379276404169104,2100.0,27.520938549059256,27.341696307055628,0,27.520938549059256,0,0,0,0,0,0,0,569824563.3187968,39.73734916617279,35596.0,155776811.98652616,0,55.60335352030448,0.001286008230452675,0,8548875925.195653,54.918171097486734,0,0,0,1448105227.1248443,-2005234231.5789957,0.0,0,0,0,0.0045,0.0,0,0,0,27.520938549059256,26.89868143285668,0,215144514.4005619,29.379276404169104,0.0014109546313822096,0,0,0,0,0.0,64673682402.01258,132201606383.9532,68734808602.72626,,34248167692.42939,2.9802322387695312e-08,8548875925.195653,0,0,0,0.0,0,0,0,0,0,0
0,2100.0,0,0,0,0,0,0,0,0,0,0,0,0,-1.2584931295942964e-12,0,0,0,0,0,0,0,720000000000.0,0,607695047.3438431,204104317.50051332,5631643979.964061,0,207445188.19929683,0,0,27,0,0,0,0,0,0,34513.41720924768,7243250146.031496,0,0,0,0,-3178210148.873022,2620390440.5757084,2620390440.5757084,81.815341800039,56.18086456379972,55.94914383176202,55.60335352030448,0,52.47728534820398,0,29.571876282098717,29.379276404169108,0,0,0,0.009019097113888888,207445188.1992969,0.0,40309018.77909726,59680285.85706,61538798.9248795,0,28046.0,45917084.638260074,259.41720924768015,0,baseRun,0,0,0,0,0,0,0,0,0,0,5631643979.964061,0,3340611.281574333,0,0.0034414832917155727,0,0,0,0,7243250146.031496,0,0,0,0.0,0,0,0,0,0,207445188.1992968,1561730827.0209038,0,0,0,6208.0,0,0,0,28046.0,6208.0,0,0,,0,0,-521162647242.2229,0,26.898681432856684,26.898681432856684,0,0,0,27.52093854905926,27.52093854905926,28.43493028890637,2100.0,26.986706402183042,26.986706402183042,0,27.34169630705563,0,0,0,0,0,0,0,607695047.3438431,34.91645291416806,36354.0,151557507.7143656,0,54.918171097486734,0.001286008230452675,0,7243250146.031496,30.058918038537325,0,0,0,1561730827.0209038,-3178210148.873022,0.0,0,0,0,0.0045,0.0,0,0,0,27.52093854905926,26.898681432856684,0,207445188.19929683,27.52093854905926,0.0013982753338505855,0,0,0,0,0.0,63859983964.88719,131523318836.0911,67865343527.83276,,33431408603.437622,0.0,7243250146.031496,0,0,0,0.0,0,0,0,0,0,0
0,3900.0,0,0,0,0,0,0,0,0,0,0,0,0,0.0,0,0,0,0,0,0,0,720000000000.0,0,292838020.4404016,205605134.19033527,5578132705.147458,0,207788899.73016724,0,0,28,0,0,0,0,0,0,34570.60175793513,6773912137.329008,0,0,0,0,-3243981720.580969,2711267678.679691,2711267678.679691,80.64033865762958,55.71837884325145,55.60335352030448,54.918171097486734,0,29.571876282098717,0,29.379276404169108,28.43493028890637,0,0,0,0.009019097113888888,207788899.73016727,0.0,34127462.36314605,56951824.695269294,65425247.07736658,0,28804.0,51284365.59438533,334.6017579351319,0,baseRun,0,0,0,0,0,0,0,0,0,0,5578132705.147458,0,2183430.9380740877,0,0.0034414832917155727,0,0,0,0,6773912137.329008,0,0,0,0.0,0,0,0,0,0,207788899.73016724,1435655453.6424274,0,0,0,5432.0,0,0,0,28804.0,5432.0,0,0,,0,0,-527936559379.5563,0,26.898681432856684,26.898681432856684,0,0,0,27.52093854905926,27.52093854905926,27.52093854905926,3900.0,26.898681432856684,26.898681432856684,0,26.986706402183042,0,0,0,0,0,0,0,292838020.4404016,32.59997115402009,38136.0,151477272.99165085,0,52.47728534820398,0.001286008230452675,0,6773912137.329008,29.379276404169108,0,0,0,1435655453.6424274,-3243981720.580969,0.0,0,0,0,0.0045,0.0,0,0,0,27.34169630705563,26.898681432856684,0,207788899.7301672,27.52093854905926,0.0013995414861207017,0,0,0,0,0.0,63066522739.0794,130915117058.07953,66882347094.55036,,32572086319.958755,-2.9802322387695312e-08,6773912137.329008,0,0,0,0.0,0,0,0,0,0,0
0,2250.0,0,0,0,0,0,0,0,0,0,0,0,0,-0.06974276230912985,0,0,0,0,0,0,0,720000000000.0,0,0,209720665.58236617,5760938733.003686,0,213186576.71081313,0,0,29,0,0,0,0,0,0,35468.63308472015,8056003332.842404,0,0,0,0,-2015720679.0525732,2954688642.029114,2954688642.029114,2000.0,2000.0,80.64033865762958,54.918171097486734,0,51.83062446821494,0,29.379276404169108,29.379276404169108,0,0,0,0.009019097113888888,213186576.71081313,0.0,36927046.74761027,56815133.65944503,69301175.57884416,0,28804.0,50141523.43944021,79324.46088033394,0,baseRun,0,0,0,0,0,0,0,0,0,0,5760938733.003686,0,3384889.3820932107,0,0.0034414832917155727,0,0,0,0,8056003332.842404,0,0,0,0.0,0,0,0,0,0,213184879.4253397,1356096636.8621767,0,0,0,3880.0,0,0,0,28804.0,3880.0,0,0,,0,0,-535992562712.40344,0,26.898681432856684,26.898681432856684,0,0,0,27.52093854905926,27.52093854905926,27.52093854905926,2250.0,26.986706402183042,26.898681432856684,0,26.986706402183042,0,0,0,0,0,0,0,0,37.80443416342231,34934.0,155037476.08419392,0,51.93784523711736,0.001286008230452675,0,8056003332.842404,29.571876282098717,0,0,0,1356096636.8621767,-2015720679.0525732,0.0,0,0,0,0.0045,0.0,0,0,0,27.34169630705563,26.898681432856684,0,213186576.71081313,27.52093854905926,0.0013996034961973368,0,0,0,0,0.0,62565761661.44582,130583704603.95078,66414315271.23914,,31856570995.980003,0.0,8056003332.842404,0,0,0,0.0,0,0,0,0,0,0
0,1950.0,0,0,0,0,0,0,0,0,0,0,0,0,-0.04104536090533633,0,0,0,0,0,0,0,720000000000.0,0,0,218439649.1715889,5862456606.966637,0,220057502.22849208,0,0,30,0,0,0,0,0,0,36611.77417689867,7804994357.815906,0,0,0,0,-1806923368.2631903,2302069166.8905582,2302069166.8905582,2000.0,2000.0,80.64033865762958,51.83062446821494,0,29.37927640416911,0,28.434930288906372,27.520938549059263,0,0,0,0.009019097113888888,220057502.22849208,0.0,39162360.57561473,55181777.08373387,69956163.50939862,0,31078.0,55756169.970749564,55925.56174018355,0,baseRun,0,0,0,0,0,0,0,0,0,0,5862456606.966637,0,1560896.4061677111,0,0.0034414832917155727,0,0,0,0,7804994357.815906,0,0,0,0.0,0,0,0,0,0,220056471.1394968,1447391952.2218986,0,0,0,3104.0,0,0,0,31078.0,3104.0,0,0,,0,0,-543797557070.22327,0,26.898681432856687,26.549443395252418,0,0,0,27.520938549059263,27.341696307055635,27.520938549059263,1950.0,26.898681432856687,26.898681432856687,0,26.898681432856687,0,0,0,0,0,0,0,0,35.47734776931329,36132.0,159965139.3206857,0,51.72362504644837,0.001286008230452675,0,7804994357.815906,29.37927640416911,0,0,0,1447391952.2218986,-1806923368.2631903,0.0,0,0,0,0.0045,0.0,0,0,0,26.986706402183046,26.549443395252418,0,220057502.2284921,27.520938549059263,0.0014002476101351682,0,0,0,0,0.0,61943384235.064575,130330170722.95973,65942250332.142265,,31397623874.186245,2.9802322387695312e-08,7804994357.815906,0,0,0,0.0,0,0,0,0,0,0
0,1950.0,0,0,0,0,0,0,0,0,0,0,0,0,-2.1139774728498018,0,0,0,0,0,0,0,720000000000.0,0,795476851.5476505,227842370.65818897,6275951253.245763,0,232175178.83912936,0,0,31,0,0,0,0,0,0,38627.83650208439,13111461317.490934,0,0,0,0,2526456422.836626,2026290244.97135,2026290244.97135,2000.0,2000.0,2000.0,80.64033865762958,0,51.83062446821494,0,29.379276404169108,29.379276404169108,0,0,0,0.009019097113888888,232175178.8391293,0.0,43509692.4661188,55349349.71448247,75757346.34042962,0,31078.0,57502761.42565307,538933.2737301006,0,baseRun,0,0,0,0,0,0,0,0,0,0,6275951253.245763,0,3737846.014764946,0,0.0034414832917155727,0,0,0,0,13111461317.490934,0,0,0,0.0,0,0,0,0,0,232119149.94668403,1487286544.8895493,0,0,0,3104.0,0,0,0,31078.0,3104.0,0,0,,0,0,-556909018387.7167,0,26.898681432856684,26.898681432856684,0,0,0,27.52093854905926,27.52093854905926,27.52093854905926,1950.0,26.898681432856684,26.898681432856684,0,26.986706402183042,0,0,0,0,0,0,0,795476851.5476505,56.95492157473033,36132.0,168064147.2063969,0,51.83062446821494,0.001286008230452675,0,13111461317.490934,51.72362504644837,0,0,0,1487286544.8895493,2526456422.836626,0.0,0,0,0,0.0045,0.0,0,0,0,27.34169630705563,26.549443395252414,0,232175178.83912936,27.52093854905926,0.0013951878466718817,0,0,0,0,0.0,62619958171.28974,130769446465.65306,66722431834.30594,,32028049115.940937,0.0,13111461317.490934,0,0,0,0.0,0,0,0,0,0,0
0,8250.0,0,0,0,0,0,0,0,0,0,0,0,0,0.0,0,0,0,0,0,0,0,720000000000.0,0,630599884.5476505,229348304.55657798,6367305518.82452,0,234440071.37618414,0,0,32,0,0,0,0,0,0,39004.654984807574,9032803035.305433,0,0,0,0,-1896318069.3840828,2290224501.423044,2290224501.423044,79.97650043764315,79.97650043764315,79.97650043764315,79.97650043764315,0,51.83062446821494,0,29.571876282098717,29.379276404169108,0,0,0,0.009019097113888888,234440071.3761841,0.0,42349215.29295111,57301769.17133252,76607930.52968916,0,31078.0,58181156.38221133,812839.5796231442,0,baseRun,0,0,0,0,0,0,0,0,0,0,6367305518.82452,0,4278927.239982998,0,0.0034414832917155727,0,0,0,0,9032803035.305433,0,0,0,0.0,0,0,0,0,0,234440071.3761841,1640991199.894303,0,0,0,3104.0,0,0,0,31078.0,3104.0,0,0,,0,0,-565941821423.0198,0,26.898681432856684,26.898681432856684,0,0,0,27.52093854905926,27.52093854905926,27.52093854905926,8250.0,26.898681432856684,26.898681432856684,0,26.986706402183042,0,0,0,0,0,0,0,630599884.5476505,38.52926243488214,42432.0,169503073.97472456,0,51.93784523711736,0.001286008230452675,0,9032803035.305433,51.72362504644837,0,0,0,1640991199.894303,-1896318069.3840828,0.0,0,0,0,0.0045,0.0,0,0,0,27.34169630705563,26.549443395252414,0,234440071.37618417,27.52093854905926,0.0013878999564043172,0,0,0,0,0.0,62064823774.52681,130430616829.15234,66291166305.32322,,31456960608.80375,2.9802322387695312e-08,9032803035.305433,0,0,0,0.0,0,0,0,0,0,0
0,6750.0,0,0,0,0,0,0,0,0,0,0,0,0,-0.04394816270367172,0,0,0,0,0,0,0,720000000000.0,0,755949237.8980076,233341684.25791046,6870779726.176513,0,244724195.58431098,0,0,33,0,0,0,0,0,0,40715.662468315975,12155556551.428526,0,0,0,0,-584363197.5653229,3571580939.7289343,3571580939.7289343,2000.0,2000.0,80.64033865762958,79.97650043764315,0,79.81139651714167,0,51.83062446821494,51.72362504644837,0,0,0,0.009019097113888888,244724195.58431098,0.0,43866890.86457184,63815326.63055643,74173567.5993193,0,30320.0,62867182.72973038,3335699.611688552,0,baseRun,0,0,0,0,0,0,0,0,0,0,6870779726.176513,0,8045583.954578923,0,0.0034414832917155727,0,0,0,0,12155556551.428526,0,0,0,0.0,0,0,0,0,0,244722967.82417795,1541609845.190393,0,0,0,3104.0,0,0,0,30320.0,3104.0,0,0,,0,0,-578097377974.4393,0,26.898681432856684,26.898681432856684,0,0,0,27.52093854905926,27.52093854905926,29.379276404169108,6750.0,26.986706402183042,26.898681432856684,0,27.34169630705563,0,0,0,0,0,0,0,755949237.8980076,49.68046597381088,40174.0,174730306.42867187,0,79.97650043764315,0.001286008230452675,0,12155556551.428526,51.93784523711736,0,0,0,1541609845.190393,-584363197.5653229,0.0,0,0,0,0.0045,0.0,0,0,0,27.52093854905926,26.898681432856684,0,244724195.584311,27.52093854905926,0.0013923726956827048,0,0,0,0,0.0,61849698263.4082,130226881874.08289,66325996094.600266,,31256628088.14967,2.9802322387695312e-08,12155556551.428526,0,0,0,0.0,0,0,0,0,0,0
0,6750.0,0,0,0,0,0,0,0,0,0,0,0,0,-0.35484958982140563,0,0,0,0,0,0,0,720000000000.0,0,1144101140.3980076,240800806.70041785,7499059405.875289,0,259795070.29553273,0,0,34,0,0,0,0,0,0,43223.059198660856,13334062038.048815,0,0,0,0,280304741.8657875,2752805790.6529107,2752805790.6529107,2000.0,2000.0,80.64033865762958,79.97650043764315,0,79.97650043764315,0,51.83062446821494,51.72362504644837,0,0,0,0.009019097113888888,259795070.29553276,0.0,45435818.86740108,68947470.43446091,78319667.08939096,0,30320.0,67081590.1401095,4437262.0855239965,0,baseRun,0,0,0,0,0,0,0,0,0,0,7499059405.875289,0,14546477.745420573,0,0.0034414832917155727,0,0,0,0,13334062038.048815,0,0,0,0.0,0,0,0,0,0,259784546.5313624,1657790959.2568192,0,0,0,4656.0,0,0,0,30320.0,4656.0,0,0,,0,0,-591431440012.4795,0,26.898681432856684,26.898681432856684,0,0,0,28.43493028890637,27.52093854905926,51.29783170587401,6750.0,27.34169630705563,26.986706402183042,0,27.52093854905926,0,0,0,0,0,0,0,1144101140.3980076,51.40632403531395,41726.0,182855583.50680643,0,79.97650043764315,0.001286008230452675,0,13334062038.048815,51.93784523711736,0,0,0,1657790959.2568192,280304741.8657875,0.0,0,0,0,0.0045,0.0,0,0,0,27.52093854905926,26.898681432856684,0,259795070.29553267,29.379276404169108,0.0013954061971115136,0,0,0,0,0.0,61860259517.11445,130205850498.05103,66587136375.64707,,31286262671.29461,-5.960464477539063e-08,13334062038.048815,0,0,0,0.0,0,0,0,0,0,0
0,6750.0,0,0,0,0,0,0,0,0,0,0,0,0,-4.3631735477424565,0,0,0,0,0,0,0,720000000000.0,0,1200020577.0000002,247455803.3267252,8316644381.608708,0,275701980.7165191,0,0,35,0,0,0,0,0,0,45869.55025798683,19740905224.667824,0,0,0,0,5776763985.804941,2673433868.3045673,2673433868.3045673,2000.0,2000.0,2000.0,80.64033865762958,0,79.97650043764315,0,79.97650043764315,51.93784523711736,0,0,0,0.009019097113888888,275701980.71651906,0.0,45679253.35101299,70344303.92393495,84220841.22983883,0,30320.0,75320260.79742604,10101825.187793083,0,baseRun,0,0,0,0,0,0,0,0,0,0,8316644381.608708,0,18007030.78769454,0,0.0034414832917155727,0,0,0,0,19740905224.667824,0,0,0,0.0,0,0,0,0,0,275564659.30221283,1774042411.9496036,0,0,0,4656.0,0,0,0,30320.0,4656.0,0,0,,0,0,-611172345237.14,0,26.986706402183042,26.898681432856684,0,0,0,29.379276404169108,28.43493028890637,51.83062446821494,6750.0,27.52093854905926,27.52093854905926,0,27.52093854905926,0,0,0,0,0,0,0,1200020577.0000002,72.59849204297382,41726.0,191608888.84340048,0,79.97650043764315,0.001286008230452675,0,19740905224.667824,79.97650043764315,0,0,0,1774042411.9496036,5776763985.804941,0.0,0,0,0,0.0045,0.0,0,0,0,27.52093854905926,26.898681432856684,0,275701980.7165191,51.29783170587401,0.0013982773405309084,0,0,0,0,0.0,63419061093.84071,131071274006.18391,68355662257.24157,,32870275690.64613,0.0,19740905224.667824,0,0,0,0.0,0,0,0,0,0,0
0,7800.0,0,0,0,0,0,0,0,0,0,0,0,0,-0.008168180651925242,0,0,0,0,0,0,0,720000000000.0,0,790073083.8594488,242352083.08138454,7624226495.780966,0,263247560.98276445,0,0,36,0,0,0,0,0,0,43797.462743683056,12771514253.195913,0,0,0,0,-354635373.47961044,2701519620.777211,2701519620.777211,2000.0,80.64033865762958,80.64033865762958,79.97650043764315,0,79.31812699111444,0,51.83062446821494,51.72362504644837,0,0,0,0.009019097113888888,263247560.98276448,0.0,45662881.14945112,68424932.27450246,78642990.87893224,0,30320.0,70516511.21713497,3950233.455006972,0,baseRun,0,0,0,0,0,0,0,0,0,0,7624226495.780966,0,16944998.983629294,0,0.0034414832917155727,0,0,0,0,12771514253.195913,0,0,0,0.0,0,0,0,0,0,263247315.5200208,2010330426.2578917,0,0,0,5432.0,0,0,0,30320.0,5432.0,0,0,,0,0,-623943859490.3259,0,26.986706402183042,26.898681432856684,0,0,0,28.43493028890637,27.52093854905926,51.29783170587401,7800.0,27.34169630705563,26.986706402183042,0,27.52093854905926,0,0,0,0,0,0,0,790073083.8594488,48.51708836732393,43552.0,184517563.02624887,0,79.97650043764315,0.001286008230452675,0,12771514253.195913,51.93784523711736,0,0,0,2010330426.2578917,-354635373.47961044,0.0,0,0,0,0.0045,0.0,0,0,0,27.52093854905926,26.898681432856684,0,263247560.98276448,29.379276404169108,0.001404257571827097,0,0,0,0,0.0,63297382808.0786,130993033381.74806,68237153213.65117,,32834068270.955296,2.9802322387695312e-08,12771514253.195913,0,0,0,0.0,0,0,0,0,0,0
0,6750.0,0,0,0,0,0,0,0,0,0,0,0,0,1.9116755646554486e-12,0,0,0,0,0,0,0,720000000000.0,0,557181942.3594487,258713055.5193882,7567544682.963896,0,273130387.7530753,0,0,37,0,0,0,0,0,0,45441.704899846096,12021938887.983034,0,0,0,0,-1026606604.2989368,3300308886.9586244,3300308886.9586244,81.815341800039,80.64033865762958,79.97650043764315,79.97650043764315,0,51.83062446821494,0,51.29783170587401,51.29783170587401,0,0,0,0.009019097113888888,273130387.7530753,0.0,46172868.070368946,72446027.14370425,76623787.12002434,0,33352.0,77887705.41897777,1752685.9576966919,0,baseRun,0,0,0,0,0,0,0,0,0,0,7567544682.963896,0,12664646.275990397,0,0.0034414832917155727,0,0,0,0,12021938887.983034,0,0,0,0.0,0,0,0,0,0,273130387.75307524,1623509980.0,0,0,0,5432.0,0,0,0,33352.0,5432.0,0,0,,0,0,-635965798378.3053,0,26.898681432856684,26.549443395252414,0,0,0,27.52093854905926,27.52093854905926,27.52093854905926,6750.0,26.898681432856684,26.898681432856684,0,26.898681432856684,0,0,0,0,0,0,0,557181942.3594487,44.01538395958919,45534.0,191596153.11744,0,79.81139651714167,0.001286008230452675,0,12021938887.983034,51.83062446821494,0,0,0,1623509980.0,-1026606604.2989368,0.0,0,0,0,0.0045,0.0,0,0,0,26.986706402183042,26.549443395252414,0,273130387.75307536,27.52093854905926,0.0013990591447995404,0,0,0,0,0.0,63232710230.90475,130761912242.57565,67917842906.06387,,32422565690.58964,5.960464477539063e-08,12021938887.983034,0,0,0,0.0,0,0,0,0,0,0
0,6750.0,0,0,0,0,0,0,0,0,0,0,0,0,0.0,0,0,0,0,0,0,0,720000000000.0,0,169030039.85944867,262160484.2234424,7268884672.877641,0,270641989.7009878,0,0,38,0,0,0,0,0,0,45027.70098440282,10768143860.473633,0,0,0,0,-1196966282.1688786,2841574929.9054227,2841574929.9054227,79.97650043764315,79.97650043764315,79.97650043764315,79.81139651714167,0,51.72362504644837,0,51.08625128241269,27.52093854905926,0,0,0,0.009019097113888888,270641989.7009878,0.0,51702301.4157527,70167906.23684734,81712063.2317476,0,34868.0,67059718.816640206,404332.228862651,0,baseRun,0,0,0,0,0,0,0,0,0,0,7268884672.877641,0,8077173.248682771,0,0.0034414832917155727,0,0,0,0,10768143860.473633,0,0,0,0.0,0,0,0,0,0,270641989.7009878,1685620500.0,0,0,0,5432.0,0,0,0,34868.0,5432.0,0,0,,0,0,-646733942238.7798,0,26.4628446860335,26.4628446860335,0,0,0,26.986706402183042,26.898681432856684,27.52093854905926,6750.0,26.549443395252414,26.549443395252414,0,26.898681432856684,0,0,0,0,0,0,0,169030039.85944867,39.787410195921794,47050.0,190873479.87441123,0,51.83062446821494,0.001286008230452675,0,10768143860.473633,51.29783170587401,0,0,0,1685620500.0,-1196966282.1688786,0.0,0,0,0,0.0045,0.0,0,0,0,26.898681432856684,26.4628446860335,0,270641989.7009879,27.52093854905926,0.0014043856331031777,0,0,0,0,0.0,63062520493.76888,130600068023.78871,67548442206.22423,,31927034064.18328,5.960464477539063e-08,10768143860.473633,0,0,0,0.0,0,0,0,0,0,0
0,6750.0,0,0,0,0,0,0,0,0,0,0,0,0,-1.862483631957798e-12,0,0,0,0,0,0,0,720000000000.0,0,169030039.85944867,277151091.49778736,7318766870.634671,0,280344309.75565904,0,0,39,0,0,0,0,0,0,46641.91157589078,8883582934.97962,0,0,0,0,-3286685705.419922,2841574929.9054217,2841574929.9054217,79.97650043764315,79.97650043764315,79.81139651714167,51.83062446821494,0,27.52093854905926,0,27.52093854905926,27.52093854905926,0,0,0,0.009019097113888888,280344309.7556591,0.0,54780156.719798654,65931364.23990593,82539833.29434319,0,38658.0,77092955.50161123,39949.141548202526,0,baseRun,0,0,0,0,0,0,0,0,0,0,7318766870.634671,0,3153269.1163234664,0,0.0034414832917155727,0,0,0,0,8883582934.97962,0,0,0,0.0,0,0,0,0,0,280344309.7556591,1840896800.0,0,0,0,5432.0,0,0,0,38658.0,5432.0,0,0,,0,0,-655617525173.7557,0,26.4628446860335,26.4628446860335,0,0,0,26.898681432856684,26.898681432856684,27.34169630705563,6750.0,26.4628446860335,26.4628446860335,0,26.549443395252414,0,0,0,0,0,0,0,169030039.85944867,31.68811574139809,50840.0,198422095.96893826,0,51.29783170587401,0.001286008230452675,0,8883582934.97962,27.52093854905926,0,0,0,1840896800.0,-3286685705.419922,0.0,0,0,0,0.0045,0.0,0,0,0,26.549443395252414,25.949152091434296,0,280344309.75565904,26.898681432856684,0.001409516662652157,0,0,0,0,0.0,62330506375.09056,130046936274.6365,66566279200.19875,,30907657232.61935,0.0,8883582934.97962,0,0,0,0.0,0,0,0,0,0,0
0,3000.0,0,0,0,0,0,0,0,0,0,0,0,0,-0.49849889967104327,0,0,0,0,0,0,0,720000000000.0,0,378037571.36630577,281716025.835476,7533154741.464782,0,286454085.71676725,0,0,40,0,0,0,0,0,0,47658.41742320008,11196523504.335869,0,0,0,0,-1781858025.239565,3325917356.744346,3325917356.744346,2000.0,2000.0,79.97650043764315,79.97650043764315,0,51.29783170587401,0,27.52093854905926,27.52093854905926,0,0,0,0.009019097113888888,286454085.7167673,0.0,53810345.33378772,73739963.13602865,83320864.71109378,0,38658.0,75566611.50314754,485750.19023370213,0,baseRun,0,0,0,0,0,0,0,0,0,0,7533154741.464782,0,4236008.658347957,0,0.0034414832917155727,0,0,0,0,11196523504.335869,0,0,0,0.0,0,0,0,0,0,286437784.68405765,1741271860.0,0,0,0,3880.0,0,0,0,38658.0,3880.0,0,0,,0,0,-666814048678.0818,0,26.4628446860335,26.4628446860335,0,0,0,26.898681432856684,26.898681432856684,27.34169630705563,3000.0,26.4628446860335,26.4628446860335,0,26.549443395252414,0,0,0,0,0,0,0,378037571.36630577,39.20043780020667,45538.0,202349627.19180763,0,51.29783170587401,0.001286008230452675,0,11196523504.335869,27.52093854905926,0,0,0,1741271860.0,-1781858025.239565,0.0,0,0,0,0.0045,0.0,0,0,0,26.898681432856684,25.949152091434296,0,286454085.7167673,26.986706402183042,0.001409753766038857,0,0,0,0,0.0,62022072560.39632,129683015348.60965,65954031440.46743,,30410401707.83212,5.960464477539063e-08,11196523504.335869,0,0,0,0.0,0,0,0,0,0,0
0,3450.0,0,0,1516.0,0,0,0,0,0,0,0,0,0,-0.5005759634980053,0,0,0,0,0,0,0,720000000000.0,0,599018341.3165789,280357886.7063542,7827411461.247902,0,298865668.1871124,0,0,41,0,0,0,0,0,0,49723.37794479321,11681205768.562529,0,1516.0,0,0,-953966050.1000366,2382124016.1129656,2382124016.1129656,2000.0,2000.0,79.97650043764315,79.81139651714167,0,51.29783170587401,0,27.52093854905926,27.52093854905926,0,0,0,0.009019097113888888,298865668.1871124,0.0,55400505.21606816,67862411.00250195,90233529.38979116,0,38658.0,85352144.38585046,714762.5013351138,0,baseRun,0,0,0,0,13280160.0,0,0,0,0,0,7827411461.247902,0,4495780.786522448,0,0.0034414832917155727,0,0,0,0,11681205768.562529,0,0,0,0.0,0,0,0,0,0,298848589.99421173,1826617999.985119,0,0,0,3880.0,0,0,0,38658.0,3880.0,0,0,,0,0,-678495254446.6342,0,26.4628446860335,25.949152091434296,0,0,0,26.898681432856684,26.898681432856684,27.34169630705563,3450.0,26.4628446860335,26.4628446860335,0,26.549443395252414,0,0,0,0,0,0,0,599018341.3165789,39.19942436154698,47504.0,209789254.43049523,0,51.72362504644837,0.001286008230452675,0,11681205768.562529,27.52093854905926,0,0,0,1826617999.985119,-953966050.1000366,0.0,0,0,0,0.0045,0.0,0,0,0,26.549443395252414,25.949152091434296,0,298865668.18711245,26.986706402183042,0.0014013571555792164,0,0,0,0,0.0,61846277970.96174,129491481902.51915,65666569410.41344,,30111225723.311165,5.960464477539063e-08,11681205768.562529,0,0,0,0.0,0,0,0,0,0,0
0,3450.0,0,0,1516.0,0,0,0,0,0,0,0,0,0,-0.9980115381162333,0,0,0,0,0,0,0,720000000000.0,0,650052300.4267222,281920242.5397177,7911045221.4723,0,301140255.22127634,0,0,42,0,0,0,0,0,0,50101.80933657572,16885070026.50646,0,1516.0,0,0,4073552117.761221,2423802386.8610992,2423802386.8610992,2000.0,2000.0,2000.0,79.97650043764315,0,51.29783170587401,0,27.52093854905926,27.52093854905926,0,0,0,0.009019097113888888,301140255.2212764,0.0,56366925.37275602,74330513.9148469,88983578.27341545,0,38658.0,81424929.27563456,916342.3112160936,0,baseRun,0,0,0,0,13280160.0,0,0,0,0,0,7911045221.4723,0,4989201.985719126,0,0.0034414832917155727,0,0,0,0,16885070026.50646,0,0,0,0.0,0,0,0,0,0,301105946.8366529,1826617999.9851189,0,0,0,3880.0,0,0,0,38658.0,3880.0,0,0,,0,0,-695380324473.1296,0,26.4628446860335,26.4628446860335,0,0,0,26.898681432856684,26.898681432856684,27.52093854905926,3450.0,26.4628446860335,26.4628446860335,0,26.549443395252414,0,0,0,0,0,0,0,650052300.4267222,56.298307854245245,47504.0,211191668.30753943,0,51.72362504644837,0.001286008230452675,0,16885070026.50646,51.08625128241269,0,0,0,1826617999.9851189,4073552117.761221,0.0,0,0,0,0.0045,0.0,0,0,0,26.898681432856684,25.949152091434296,0,301140255.2212764,26.986706402183042,0.0014028992466020177,0,0,0,0,0.0,62881731797.30044,130134869511.49724,66818905608.43168,,31353600207.737247,5.960464477539063e-08,16885070026.50646,0,0,0,0.0,0,0,0,0,0,0
0,3450.0,0,0,1516.0,0,0,0,0,0,0,0,0,0,-0.01513479623544985,0,0,0,0,0,0,0,720000000000.0,0,380559280.4764492,282931758.50995064,7939698883.429192,0,302661553.7155483,0,0,43,0,0,0,0,0,0,50354.91334968092,10772177827.550417,0,1516.0,0,0,-1876901166.7138157,2433596670.373475,2433596670.373475,2000.0,79.97650043764315,79.97650043764315,51.72362504644837,0,50.35256852230812,0,27.52093854905926,27.52093854905926,0,0,0,0.009019097113888888,302661553.7155483,0.0,56469325.241392046,75039779.37006617,90522828.32775351,0,38658.0,80629097.8629868,115677.61511072073,0,baseRun,0,0,0,0,13280160.0,0,0,0,0,0,7939698883.429192,0,6333434.67713723,0,0.0034414832917155727,0,0,0,0,10772177827.550417,0,0,0,0.0,0,0,0,0,0,302661030.80219865,1895224159.9851189,0,0,0,6208.0,0,0,0,38658.0,6208.0,0,0,,0,0,-706152502300.676,0,26.4628446860335,26.4628446860335,0,0,0,26.898681432856684,26.898681432856684,27.52093854905926,3450.0,26.4628446860335,26.4628446860335,0,26.549443395252414,0,0,0,0,0,0,0,380559280.4764492,35.5949525864616,49832.0,211952878.07885358,0,51.08625128241269,0.001286008230452675,0,10772177827.550417,50.35256852230812,0,0,0,1895224159.9851189,-1876901166.7138157,0.0,0,0,0,0.0045,0.0,0,0,0,26.898681432856684,25.949152091434296,0,302661553.7155482,26.986706402183042,0.0014088966413513993,0,0,0,0,0.0,62527741155.576485,129706952436.34692,66319705867.975365,,30757806498.35399,-5.960464477539063e-08,10772177827.550417,0,0,0,0.0,0,0,0,0,0,0
0,3450.0,0,0,1516.0,0,0,0,0,0,0,0,0,0,-1.701780842751426e-12,0,0,0,0,0,0,0,720000000000.0,0,0,285695272.51093113,8081202472.170414,0,306817819.96572214,0,0,44,0,0,0,0,0,0,51046.40661771062,10785287365.281782,0,1516.0,0,0,-2549318443.283535,3312441736.4097853,3312441736.4097853,79.97650043764315,79.97650043764315,79.81139651714167,51.29783170587401,0,50.248620407238555,0,27.52093854905926,27.52093854905926,0,0,0,0.009019097113888888,306817819.96572214,0.0,59752620.778100565,70706658.04027797,93053976.81576332,0,38658.0,83304564.33158027,62892.37988224054,0,baseRun,0,0,0,0,13280160.0,0,0,0,0,0,8081202472.170414,0,7779495.074908746,0,0.0034414832917155727,0,0,0,0,10785287365.281782,0,0,0,0.0,0,0,0,0,0,306817819.96572214,1940961599.985119,0,0,0,7760.0,0,0,0,38658.0,7760.0,0,0,,0,0,-716937789665.9608,0,26.4628446860335,26.4628446860335,0,0,0,26.898681432856684,26.898681432856684,27.52093854905926,3450.0,26.4628446860335,26.4628446860335,0,26.549443395252414,0,0,0,0,0,0,0,0,35.15208916642048,51384.0,214396652.57951102,0,50.248620407238555,0.001286008230452675,0,10785287365.281782,50.248620407238555,0,0,0,1940961599.985119,-2549318443.283535,0.0,0,0,0,0.0045,0.0,0,0,0,26.898681432856684,25.949152091434296,0,306817819.9657222,26.986706402183042,0.0014064742808762548,0,0,0,0,0.0,61827047421.60626,129372031522.6855,65654023056.817825,,29909785513.85957,5.960464477539063e-08,10785287365.281782,0,0,0,0.0,0,0,0,0,0,0
0,3450.0,0,0,3032.0,0,0,0,0,0,0,0,0,0,0.0,0,0,0,0,0,0,0,720000000000.0,0,0,276390666.3396282,7971746913.854174,0,307761739.25803554,0,0,45,0,0,0,0,0,0,51203.449934213924,10256024937.144287,0,3032.0,0,0,-3608312891.955427,3896754045.1685805,3896754045.1685805,79.97650043764315,79.97650043764315,78.5027765218331,51.29783170587401,0,50.14488688322053,0,27.52093854905926,27.52093854905926,0,0,0,0.009019097113888888,307761739.2580355,0.0,64572690.85361079,68590754.23387481,93102435.67496064,0,38658.0,81495858.49558924,27533.95045491831,0,baseRun,0,0,0,0,26560320.0,0,0,0,0,0,7971746913.854174,0,4783218.967952479,0,0.0034414832917155727,0,0,0,0,10256024937.144287,0,0,0,0.0,0,0,0,0,0,307761739.25803554,1995836870.0769615,0,0,0,6984.0,0,0,0,38658.0,6984.0,0,0,,0,0,-727193814603.1049,0,26.4628446860335,25.949152091434296,0,0,0,26.898681432856684,26.898681432856684,27.34169630705563,3450.0,26.4628446860335,26.4628446860335,0,26.4628446860335,0,0,0,0,0,0,0,0,33.32456127220357,52124.0,214741659.61758247,0,50.14488688322053,0.001286008230452675,0,10256024937.144287,27.52093854905926,0,0,0,1995836870.0769615,-3608312891.955427,0.0,0,0,0,0.0045,0.0,0,0,0,26.549443395252414,25.949152091434296,0,307761739.25803554,26.898681432856684,0.0013990726427666259,0,0,0,0,0.0,60704231934.960655,128616358276.23795,64882948218.65106,,28951036193.1642,0.0,10256024937.144287,0,0,0,0.0,0,0,0,0,0,0
0,3450.0,0,0,3032.0,0,0,0,0,0,0,0,0,0,-0.44418072427792643,0,0,0,0,0,0,0,720000000000.0,0,163011656.38542265,279459036.0050783,8131466903.253191,0,312021735.97434914,0,0,46,0,0,0,0,0,0,51912.20122054845,12728644921.015898,0,3032.0,0,0,-301397959.2564106,2808333610.556734,2808333610.556734,2000.0,2000.0,79.97650043764315,79.81139651714167,0,51.08625128241269,0,27.52093854905926,27.52093854905926,0,0,0,0.009019097113888888,312021735.9743492,0.0,61348911.05539198,74446066.1482469,96057662.05954483,0,38658.0,80153275.47364542,523890.69023769733,0,baseRun,0,0,0,0,26560320.0,0,0,0,0,0,8131466903.253191,0,5462668.041513123,0,0.0034414832917155727,0,0,0,0,12728644921.015898,0,0,0,0.0,0,0,0,0,0,312005914.73682916,1927230710.0769615,0,0,0,4656.0,0,0,0,38658.0,4656.0,0,0,,0,0,-739922459524.1135,0,26.4628446860335,25.949152091434296,0,0,0,26.898681432856684,26.898681432856684,27.34169630705563,3450.0,26.4628446860335,26.4628446860335,0,26.549443395252414,0,0,0,0,0,0,0,163011656.38542265,40.895507988280116,49796.0,217469533.77848166,0,51.29783170587401,0.001286008230452675,0,12728644921.015898,50.14488688322053,0,0,0,1927230710.0769615,-301397959.2564106,0.0,0,0,0,0.0045,0.0,0,0,0,26.549443395252414,25.949152091434296,0,312021735.97434914,26.986706402183042,0.001399515341665507,0,0,0,0,0.0,60902609508.91443,128429296080.66045,64820544246.33122,,28700726827.850994,0.0,12728644921.015898,0,0,0,0.0,0,0,0,0,0,0
0,3450.0,0,0,3032.0,0,0,0,0,0,0,0,0,0,-2.5396479191911583,0,0,0,0,0,0,0,720000000000.0,0,875953120.1620507,285746175.3487472,8492367798.716484,0,321650506.33961475,0,0,47,0,0,0,0,0,0,53514.175080309346,18470592278.937714,0,3032.0,0,0,5461796156.55463,1713244493.4275904,1713244493.4275904,2000.0,2000.0,2000.0,79.97650043764315,0,51.29783170587401,0,50.14488688322053,27.52093854905926,0,0,0,0.009019097113888888,321650506.33961475,0.0,65055465.81899688,76273662.01973762,96884159.76605147,0,38658.0,83343967.70296434,1372726.2915105466,0,baseRun,0,0,0,0,26560320.0,0,0,0,0,0,8492367798.716484,0,7878033.667492487,0,0.0034414832917155727,0,0,0,0,18470592278.937714,0,0,0,0.0,0,0,0,0,0,321557255.3077503,1927230710.0769615,0,0,0,4656.0,0,0,0,38658.0,4656.0,0,0,,0,0,-758393051803.0455,0,26.4628446860335,26.4628446860335,0,0,0,26.898681432856684,26.898681432856684,27.52093854905926,3450.0,26.4628446860335,26.4628446860335,0,26.549443395252414,0,0,0,0,0,0,0,875953120.1620507,58.00424365869845,49796.0,223250506.11473337,0,51.83062446821494,0.001286008230452675,0,18470592278.937714,51.08625128241269,0,0,0,1927230710.0769615,5461796156.55463,0.0,0,0,0,0.0045,0.0,0,0,0,26.898681432856684,25.949152091434296,0,321650506.33961487,26.986706402183042,0.0013902585341358938,0,0,0,0,0.0,62337129567.401276,129460909044.63176,66361945793.85332,,30154988414.424866,1.1920928955078125e-07,18470592278.937714,0,0,0,0.0,0,0,0,0,0,0
0,7050.0,0,0,3032.0,0,0,0,0,0,0,0,0,0,-0.3207021156883611,0,0,0,0,0,0,0,720000000000.0,0,973356946.986476,286639063.63211787,8787241973.87205,0,326942029.95957184,0,0,48,0,0,0,0,0,0,54394.54528293227,14632890788.473042,0,3032.0,0,0,772945049.1845818,2143675553.3529809,2143675553.3529809,2000.0,2000.0,79.97650043764315,77.3753472760266,0,51.83062446821494,0,51.29783170587401,27.52093854905926,0,0,0,0.009019097113888888,326942029.9595719,0.0,66024828.5570672,74779479.99417874,99894071.61727533,0,37900.0,86231680.49873152,3100655.48165581,0,baseRun,0,0,0,0,26560320.0,0,0,0,0,0,8787241973.87205,0,10630021.553479103,0,0.0034414832917155727,0,0,0,0,14632890788.473042,0,0,0,0.0,0,0,0,0,0,326930060.66725284,1955671265.0769615,0,0,0,4656.0,0,0,0,37900.0,4656.0,0,0,,0,0,-773025942591.5182,0,26.4628446860335,26.4628446860335,0,0,0,26.986706402183042,26.898681432856684,27.52093854905926,7050.0,26.549443395252414,26.4628446860335,0,26.549443395252414,0,0,0,0,0,0,0,973356946.986476,44.830055575673285,52638.0,225447539.96673504,0,77.3753472760266,0.001286008230452675,0,14632890788.473042,51.29783170587401,0,0,0,1955671265.0769615,772945049.1845818,0.0,0,0,0,0.0045,0.0,0,0,0,26.898681432856684,25.949152091434296,0,326942029.95957184,27.34169630705563,0.0013899509098772905,0,0,0,0,0.0,62637390655.22416,129558710819.16576,66707407438.125305,,30184408956.980415,0.0,14632890788.473042,0,0,0,0.0,0,0,0,0,0,0
0,7050.0,0,0,3032.0,0,0,0,0,0,0,0,0,0,-0.27217370360629994,0,0,0,0,0,0,0,720000000000.0,0,973356946.9864758,285977742.84336555,8740681495.507456,0,325820935.16633546,0,0,49,0,0,0,0,0,0,54208.024628170635,14581152771.267246,0,3032.0,0,0,287821779.58914757,2606909672.3197103,2606909672.3197103,2000.0,2000.0,79.97650043764315,77.3753472760266,0,51.83062446821494,0,51.08625128241269,27.52093854905926,0,0,0,0.009019097113888888,325820935.16633546,0.0,62751340.29026217,77425074.53686526,100975530.57422124,0,37900.0,84658866.4898,2902365.0636237846,0,baseRun,0,0,0,0,26560320.0,0,0,0,0,0,8740681495.507456,0,10370383.984159362,0,0.0034414832917155727,0,0,0,0,14581152771.267246,0,0,0,0.0,0,0,0,0,0,325810811.8911487,1972382876.8644617,0,0,0,4656.0,0,0,0,37900.0,4656.0,0,0,,0,0,-787607095362.7834,0,26.4628446860335,26.4628446860335,0,0,0,26.986706402183042,26.898681432856684,27.52093854905926,7050.0,26.549443395252414,26.4628446860335,0,26.549443395252414,0,0,0,0,0,0,0,973356946.9864758,44.814183944891674,52638.0,224789784.37074617,0,77.3753472760266,0.001286008230452675,0,14581152771.267246,51.29783170587401,0,0,0,1972382876.8644617,287821779.58914757,0.0,0,0,0,0.0045,0.0,0,0,0,26.898681432856684,25.949152091434296,0,325820935.16633546,27.34169630705563,0.0013827154488347338,0,0,0,0,0.0,62846939373.195305,129486689629.39435,66961881773.094864,,30080228873.400017,0.0,14581152771.267246,0,0,0,0.0,0,0,0,0,0,0
