CountryAProdFinances_TI Revenue CO2Hedge,CapacityinMW_OCGT,CountryBProdFinances_Revenue CM,CapacityinMWinA_IGCC,CapacityinMW_WindOffshore,PriceInEURperMWh_Segment Country A 20,ProducerCosts_CO2 Hedging,CapacityinMW_IgccCCS,CountryBProdCosts_Fixed O&M,CapacityinMW_Biomass,CapacityinMWinA_Photovoltaic,CapacityinMW_Wind,CountryBProdCosts_CO2 auction,CapacityinMW_Biogas,CountryAProdCosts_Unclassified,CapacityinMWinB_CoalPscCSS,GenerationinMWh_Nuclear,CountryBProdFinances_TI Revenue CM,AggregateFinances_TI Revenue CO2Hedge,CountryBProdFinances_Profit,ProducerCosts_CO2 auction,CapacityinMWinA_Wind,CapacityinMW_Nuclear,AggregateFinances_Revenue LTC,CO2CapinTonpA_CO2_cap,CapacityinMWinA_CcgtCCS,CountryAProdCosts_Downpayment,GenerationinMWh_CoalPSC,CountryAProdCosts_Electricity ltc,ProducerCosts_Commodity,CountryAProdFinances_TI Profit,Total_EnergyServedinMWh_Country B,Total_EnergyServedinMWh_Country A,CapacityinMWinA_Lignite,AggregateFinances_TI Revenue LTC,tick,CountryAProdCosts_CO2 auction,GenerationinMWh_OCGT,CountryBProdCosts_Capacity Market,AggregateFinances_TI Revenue Spot,CountryBProdFinances_TI Profit,WelfareLossThroughENS_Country A,WelfareLossThroughENS_Country B,Total_DemandinMWh_Country B,AggregateFinances_Revenue CO2Hedge,PeakDemandPerZoneInMW_Country B,CountryBProdFinances_TI Revenue RES,PeakDemandPerZoneInMW_Country A,AggregateFinances_Total Revenue,runId,CountryBProdFinances_TI Revenue CO2Hedge,CapacityinMW_IGCC,CO2BankedCertificates,CapacityinMWinA_Biomass,CountryBProdCosts_CO2 tax,AggregateFinances_Profit,CapacityinMWinB_Biogas,CountryAProdCosts_National CO2 MinPrice,ProducerCosts_Loan,NationalTotalProductioninMWh_Country B,CapacityinMWinA_HydroPower,PriceInEURperMWh_Segment Country A 1,PriceInEURperMWh_Segment Country A 2,PriceInEURperMWh_Segment Country A 3,PriceInEURperMWh_Segment Country A 4,CountryBProdFinances_Revenue RES,PriceInEURperMWh_Segment Country A 6,CapacityinMW_Photovoltaic,PriceInEURperMWh_Segment Country A 8,PriceInEURperMWh_Segment Country A 9,ProducerCosts_Electricity ltc,CountryAProdCosts_Fixed O&M,CapacityinMWinB_Biomass,CapacityinMWinA_IgccCCS,CapacityinMW_Lignite,TotalConsumptioninMWh,ProducerCosts_CO2 tax,GenerationinMWhPerProducer_Energy Producer C,GenerationinMWhPerProducer_Energy Producer B,GenerationinMWhPerProducer_Energy Producer A,CountryAProdFinances_Revenue LTC,GenerationinMWhPerProducer_Energy Producer G,CapacityinMWinA_CoalPSC,GenerationinMWhPerProducer_Energy Producer E,GenerationinMWhPerProducer_Energy Producer D,GenerationinMWhPerProducer_Energy Producer H,CountryAProdCosts_Capacity Market,CountryBProdCosts_Downpayment,CountryAProdFinances_TI Revenue CM,FuelPricesPerGJ_Natural Gas,CountryBProdFinances_TI Revenue LTC,AggregateFinances_TI Revenue,CapacityinMW_HydroPower,GenerationinMWh_IGCC,CountryBProdFinances_TI Revenue,CapacityinMWinB_CcgtCCS,CountryBProdFinances_Revenue LTC,CountryAProdFinances_Revenue CM,ProducerCosts_Strategic Reserve,CountryAProdCosts_Commodity,GenerationinMWh_Biomass,GenerationinMWh_CCGT,AggregateFinances_Revenue RES,FuelPricesPerGJ_Coal,ProducerCosts_Capacity Market,PriceInEURperMWh_Segment Country B 20,CountryBProdCosts_Strategic Reserve,CountryBProdCosts_Electricity spot,CountryBProdCosts_Commodity,AggregateFinances_Revenue Spot,GenerationinMWh_CoalPscCSS,SpotMarketCash_Country B electricity spot market,ProducerCosts_Unclassified,GenerationinMWh_IgccCCS,PriceInEURperMWh_Segment Country B 9,PriceInEURperMWh_Segment Country B 8,EUCO2PriceFloor_EU CO2 price floor,PriceInEURperMWh_Segment Country B 3,PriceInEURperMWh_Segment Country B 2,PriceInEURperMWh_Segment Country B 1,PriceInEURperMWh_Segment Country B 7,PriceInEURperMWh_Segment Country B 6,PriceInEURperMWh_Segment Country B 5,CountryBProdFinances_Revenue CO2Hedge,CapacityinMWinA_CoalPscCSS,GenerationinMWh_Wind,CapacityinMWinA_Biogas,NationalTotalProductioninMWh_Country A,PriceInEURperMWh_Segment Country B 19,PriceInEURperMWh_Segment Country B 18,PriceInEURperMWh_Segment Country B 17,PriceInEURperMWh_Segment Country B 16,PriceInEURperMWh_Segment Country B 15,PriceInEURperMWh_Segment Country B 14,PriceInEURperMWh_Segment Country B 13,PriceInEURperMWh_Segment Country B 12,PriceInEURperMWh_Segment Country B 11,PriceInEURperMWh_Segment Country B 10,GenerationinMWh_WindOffshore,GenerationinMWh_Lignite,CapacityinMWinB_OCGT,CapacityinMWinA_CCGT,CountryAProdCosts_Strategic Reserve,EnergyNotServedinMWh_Country B,CountryAProdFinances_Revenue RES,CountryBProdFinances_Revenue Spot,CountryAProdCosts_CO2 tax,CapacityinMW_CCGT,GenerationinMWh_Biogas,CapacityinMWinB_Lignite,CountryAProdCosts_Loan,GenerationinMWhPerProducer_Energy Producer F,CountryBProdCosts_Loan,ProducerCash_Energy Producer E,SpotMarketCash_Country A electricity spot market,CapacityinMWinB_Wind,CapacityinMW_CoalPSC,PriceInEURperMWh_Segment Country A 19,CapacityinMWinA_WindOffshore,CapacityinMWinB_Nuclear,AggregateFinances_TI Profit,PriceInEURperMWh_Segment Country A 12,PriceInEURperMWh_Segment Country A 13,PriceInEURperMWh_Segment Country A 10,CapacityinMWinA_OCGT,PriceInEURperMWh_Segment Country A 16,PriceInEURperMWh_Segment Country A 17,CountryAProdFinances_TI Revenue,PriceInEURperMWh_Segment Country A 15,CountryAProdFinances_TI Revenue LTC,AggregateFinances_TI Revenue CM,CapacityinMWinB_IgccCCS,ProducerCosts_National CO2 MinPrice,CO2Auction,CapacityinMWinB_HydroPower,CountryAProdFinances_TI Revenue Spot,CountryAProdCosts_Electricity spot,ProducerCosts_Downpayment,TotalOperationalCapacityPerZoneInMW_Country B,Avg_El_PricesinEURpMWh_Country B,Avg_El_PricesinEURpMWh_Country A,TotalOperationalCapacityPerZoneInMW_Country A,CO2Emissions_inTonpA,CapacityinMWinA_Nuclear,NationalMinCO2PriceinEURpTon_Country B,PriceInEURperMWh_Segment Country A 5,FuelPricesPerGJ_Uranium,CountryBProdCosts_Electricity ltc,CountryAProdFinances_Revenue Spot,CapacityinMWinB_Photovoltaic,PriceInEURperMWh_Segment Country A 18,Forc_CO2Emissions_inTonpA,CapacityinMWinB_CoalPSC,ProducerCosts_Fixed O&M,CountryAProdFinances_Profit,NationalMinCO2PriceinEURpTon_Country A,AggregateFinances_Revenue CM,CapacityinMWinB_CCGT,CapacityinMWinB_IGCC,FuelPricesPerGJ_Biomass,NationalGovernmentCash_Country A,Forc_Total_DemandinMWh_Country B,CountryBProdCosts_National CO2 MinPrice,CountryBProdCosts_Unclassified,GenerationinMWh_CcgtCCS,PriceInEURperMWh_Segment Country A 14,AggregateFinances_TI Revenue RES,CountryBProdFinances_Total Revenue,Total_DemandinMWh_Country A,PriceInEURperMWh_Segment Country A 11,FuelPricesPerGJ_Lignite,CapacityinMW_CoalPscCSS,CapacityinMW_CcgtCCS,PriceInEURperMWh_Segment Country B 4,ProducerCash_Energy Producer H,CountryBProdFinances_TI Revenue Spot,EUGovernmentCash,ProducerCash_Energy Producer B,ProducerCash_Energy Producer C,ProducerCash_Energy Producer A,Forc_Total_DemandinMWh_Country A,ProducerCash_Energy Producer G,ProducerCash_Energy Producer D,EnergyNotServedinMWh_Country A,CountryAProdFinances_Total Revenue,CountryAProdFinances_TI Revenue RES,NationalGovernmentCash_Country B,CountryAProdCosts_CO2 Hedging,CapacityinMWinB_WindOffshore,CO2Tax,GenerationinMWh_Photovoltaic,Forc_CO2Auction,CountryBProdCosts_CO2 Hedging,CountryAProdFinances_Revenue CO2Hedge,GenerationinMWh_HydroPower,ProducerCash_Energy Producer F,PriceInEURperMWh_Segment Country A 7,ProducerCosts_Electricity spot
0,19800.0,0,0,600.0,29.765738774956898,0,0,4133409649.8999996,8500.0,500.0,63600.0,0,0,0,0,35040000.0,0,0,174953040.83979416,0,6000.0,4000.0,0,720000000000.0,0,0,328733276.38526314,0,15823247782.712086,0,488580935.33000004,110534317.36,0,0,0,0,0,0,0,0,0.0,-0.00011920928955078125,488580935.33,0,79884.0,0,18390.0,28443158836.081608,TwoCountryTenderLimitedInterconnection,0,0,0,8500.0,0.0,-237176469.7569313,0,0,7241605930.226454,470501296.94158256,0,56.99947090281833,56.99947090281833,56.99947090281833,56.64718910820022,0,55.60335352030448,2500.0,55.48856565625698,55.48856565625698,0,1482071943.0000002,0,0,0,599115252.69,0.0,16313407.127368405,24487076.29894738,50776256.76842111,0,142546979.03157887,8338.0,129768751.91421,37037215.553684235,103438529.62863113,0,0,0,0.009019097113888888,0,0,0,0,0,0,0,0,0,4047267669.226269,29444090.223157883,70857701.76578948,0,0.0034414832917155727,0,29.765738774956898,0,0,11775980113.485817,28443158836.081608,0,-22240248212.427345,0,0,56.064884482827324,56.41354499770198,0.0,58.189642660824745,58.55151678145564,59.037518725339304,56.41354499770198,56.76437378877581,57.11738434028768,0,0,130485944.2105256,0,128613955.74842085,30.157284768703278,30.65396806343422,30.95589598971894,31.363097609985843,32.404690435769965,32.72386219731561,32.93838796636056,46.285714285714285,55.37401476089746,55.8336421163234,1834050.6315789474,0,16050.0,9312.0,0,-5.960464477539063e-08,0,22240248212.427677,0.0,49664.0,0,0,1085700522.0243907,94747036.36715752,6155905408.202066,79926742086.56389,-6202910623.653885,57600.0,41690.0,30.157284768703278,600.0,3000.0,0,46.285714285714285,32.93838796636056,55.25970034502651,3750.0,31.363097609985843,30.95589598971894,0,32.404690435769965,0,0,0,0,0,0,0,0,0,95714.0,47.6738027895036,46.90221669109519,28712.0,298953531.4305758,1000.0,0.0,56.297084569982104,0.001286008230452675,0,6202910623.653897,2000.0,30.65396806343422,0,33352.0,5615481592.900002,-412129510.59676266,0.0,0,40352.0,0,0.0045,,,0,0,0,32.72386219731561,0,22240248212.427677,110534317.36,46.285714285714285,0.0014277777777777776,0,0,57.353943493922074,80071797745.08238,0,0.0,80023046366.28783,79838003944.85277,79909927367.7091,,80295473101.70695,79816892810.5536,0.0,6202910623.653897,0,,0,0,0.0,2720189.47368421,0,0,0,0,79880940107.48503,55.60335352030448,0
0,20250.0,0,0,600.0,29.765738774956898,0,0,4246125266.2999997,8500.0,500.0,64200.0,0,0,0,0,35040000.0,0,0,-108358015188.36234,0,6000.0,4000.0,0,720000000000.0,0,3550250089.680001,337251496.32166004,0,16732698413.103716,0,501145867.20420295,113977186.58507451,0,0,1,0,0,0,0,0,0.0,-0.00011920928955078125,501145867.2042029,0,81938.39251771232,0,18962.802787055818,29677031419.345352,TwoCountryTenderLimitedInterconnection,0,0,0,8500.0,0.0,-112155382214.42393,0,0,6789552645.086504,483221168.1085682,0,57.353943493922074,56.99947090281833,56.99947090281833,56.88180088648767,0,56.297084569982104,2500.0,55.48856565625698,55.48856565625698,0,1486382943.0,0,0,0,615123053.7892776,0.0,16627282.73519779,26207735.296252035,49986135.84408599,0,148626283.37912127,8338.0,128686720.13068856,39080731.8051773,107770586.89034991,0,109027404276.59924,0,0.009492702880212802,0,0,0,0,0,0,0,0,0,4272444436.5771184,30220283.309297316,76340090.36884645,0,0.0034752089140544233,0,29.765738774956898,0,0,12460253976.526596,29677031419.345352,0,-45449525732.64293,0,0,55.8336421163234,56.18086456379972,0.0,58.0695156474732,58.43064271321027,58.9156413520497,56.41354499770198,56.64718910820022,56.99947090281833,0,0,131716943.6842098,0,131901885.68071282,30.157284768703278,30.65396806343422,31.057198048028624,31.568702700052683,32.404690435769965,32.72386219731561,46.285714285714285,46.285714285714285,55.031779,55.60335352030448,1834050.6315789474,0,16200.0,9312.0,0,-5.960464477539063e-08,0,23209277520.216225,0.0,51992.0,0,0,956043455.93351,98137577.70840335,5833509189.152997,80029900839.39618,-12670664522.78297,58200.0,42448.0,30.157284768703278,600.0,3000.0,0,46.285714285714285,46.285714285714285,55.25970034502651,4050.0,31.568702700052683,31.057198048028624,0,32.404690435769965,0,0,0,0,0,0,0,0,112577654366.2792,98980.0,48.3980316883377,47.81758361149851,29012.0,307445501.20193356,1000.0,0.0,56.64718910820022,0.0012885996269074822,0,6467753899.129115,2000.0,30.65396806343422,0,34110.0,5732508209.299999,-3797367026.061513,0.0,0,42680.0,0,0.004528945064829093,,,0,0,0,32.72386219731561,0,23209277520.216225,113977186.58507451,46.285714285714285,0.0014229918269955248,0,0,57.23554170245521,37640164777.12422,0,0.0,76504864377.8317,79758642270.60204,79890128599.3383,,57032768452.95784,79636868215.56987,0.0,6467753899.129115,0,,0,0,0.0,2720189.47368421,0,0,0,0,37114103783.00148,55.60335352030448,0
0,20400.0,0,0,600.0,29.667185510972235,0,0,4441012281.300001,8500.0,8500.0,64800.0,0,0,0,0,35040000.0,0,0,-53237916896.7426,0,6000.0,4000.0,0,720000000000.0,0,9942626469.119999,333214920.1555133,0,16982358851.808155,0,514696973.849089,117768568.25857939,0,0,2,0,0,0,0,0,5.9604644775390625e-05,0.0,514696973.849089,0,84154.02666334042,0,19593.58886907116,47015859635.665886,TwoCountryTenderLimitedInterconnection,0,0,0,8500.0,0.0,-64568166852.10589,0,0,38871718073.58347,494823839.21954554,0,60.36568158889254,60.36568158889254,59.99259513200705,59.86874609381268,0,59.253325482224824,18500.0,58.402350077025346,58.402350077025346,0,1649672363.0000002,0,0,0,632465542.1076684,0.0,18363036.00640773,27223795.04324555,53188823.660551056,0,150795736.67384967,8338.0,131126946.13980322,38866048.17792108,109988474.15068088,0,39696638448.96008,0,0.009859119467203121,0,0,0,0,0,0,0,0,0,4212216879.088642,29615697.793248728,79683528.26416953,0,0.0034689090453946755,0,29.667185510972235,0,0,12770141972.719513,31152679020.80236,0,-69730218522.14972,0,0,58.765546998513386,59.131002596297925,0.0,61.24526452147146,61.62614117284906,62.13766377807625,59.37590141457008,59.745152730243305,59.99259513200705,0,0,132947943.15789399,0,137641702.8881252,30.057435110364835,30.853402159062757,31.259255549773513,31.567145288087865,32.40309178114419,32.82933017783998,33.26117542131585,46.58343495252781,57.80200327927795,58.523165616973266,1834050.6315789474,0,16200.0,9312.0,0,0.0,0,24280692789.506245,0.0,52768.0,0,0,2397720475.4508295,102912682.25520793,36473997598.132744,62051534123.973465,-19542650754.078865,58800.0,42448.0,30.057435110364835,600.0,3000.0,0,46.58343495252781,33.26117542131585,58.161466719005766,4200.0,31.567145288087865,31.259255549773513,0,32.40309178114419,0,0,0,0,0,0,0,0,49639264918.08011,100106.0,49.44346825358821,48.72400398071999,29482.0,305003307.3043095,1000.0,0.0,59.62181451348282,0.0013058920864409344,0,6871986231.295945,10000.0,30.853402159062757,0,34110.0,6090684644.300003,-11330249955.363552,0.0,0,43456.0,0,0.004670633661956372,,,0,0,0,32.82933017783998,0,40143873404.36977,117768568.25857942,46.58343495252781,0.001426683887398776,0,0,60.24106234899668,13945962468.146908,0,0.0,72758682727.42812,77182708618.03922,77395439307.4986,,51411359685.654045,77123422855.01216,2.9802322387695312e-08,6871986231.295945,0,,0,0,0.0,20129402.10526314,0,0,0,0,31170164677.96242,58.523165616973266,0
0,19800.0,0,0,600.0,29.668649185601524,0,0,4131248772.600001,8500.0,500.0,63600.0,0,0,0,0,35040000.0,0,0,-1469550730.5317612,0,6000.0,4000.0,0,720000000000.0,0,0,328733276.38526314,0,15801969847.991463,0,488580935.33000004,110534317.36,0,0,3,0,0,0,0,0,0.0,-0.00011920928955078125,488580935.33,0,79884.0,0,18390.0,28412027245.862118,TwoCountryTenderLimitedInterconnection,0,0,0,8500.0,0.0,-2234670110.1834793,0,0,9207966948.254135,469463875.4881089,0,57.830005081386645,57.830005081386645,57.472590220333316,56.88180088648767,0,56.18086456379972,2500.0,55.94914383176202,55.94914383176202,0,1505511787.2,0,0,0,599115252.69,0.0,43906849.79663164,34313674.35263157,28555828.86315789,0,152638093.3744211,8338.0,81283638.99789464,22875024.189473674,101295622.3789469,0,0,0,0.009019097113888888,0,0,0,0,0,0,0,0,0,4061258826.9293895,29444090.223157883,70857701.76578948,0,0.0034414832917155727,0,29.668649185601524,0,0,11740711021.062073,28412027245.862118,0,-22150502018.990936,0,0,55.94914383176202,56.18086456379972,0.0,58.43064271321027,58.55151678145564,58.794015583069374,56.18086456379972,56.297084569982104,56.88180088648767,0,0,130485944.2105256,0,129651377.2018945,30.255973400462334,30.854924357450965,31.15883161368739,31.363097609985843,32.08863171182219,32.404690435769965,32.93838796636056,46.285714285714285,55.031779,55.71837884325145,1834050.6315789474,0,16050.0,9312.0,0,-5.960464477539063e-08,0,22150502018.991314,0.0,49664.0,0,0,1459873992.393127,134246520.73684165,7748092955.861006,79703751653.91869,-6261525226.870792,57600.0,41690.0,30.255973400462334,600.0,3000.0,0,46.285714285714285,32.93838796636056,55.25970034502651,3750.0,31.363097609985843,31.15883161368739,0,32.08863171182219,0,0,0,0,0,0,0,0,0,95714.0,47.55140744593077,47.07994066085339,28712.0,298610988.0073357,1000.0,0.0,56.41354499770198,0.001286008230452675,0,6261525226.8708315,2000.0,30.854924357450965,0,33352.0,5636760559.800002,-765119379.6516829,0.0,0,40352.0,0,0.0045,,,0,0,0,32.404690435769965,0,22150502018.991314,110534317.36,46.285714285714285,0.0014277777777777776,0,0,57.59148238837993,79675818158.4228,0,0.0,79631236774.3562,79969219980.38168,79845777585.94286,,79940132355.2759,79788646279.66777,0.0,6261525226.8708315,0,,0,0,0.0,2720189.47368421,0,0,0,0,79210747101.85109,56.18086456379972,0
0,20100.0,0,0,600.0,29.28344737391374,0,0,4272876994.6,9000.0,500.0,67200.0,0,0,0,0,35040000.0,0,0,-23486630968.287903,0,6600.0,4000.0,0,720000000000.0,0,7499860344.900004,344662022.8708847,0,15835057735.600798,0,500835160.34434617,110500686.12291272,0,0,4,0,0,0,0,0,-2.9802322387695312e-05,0.00011920928955078125,500835160.3443462,0,81887.59129933067,0,18384.404647671356,28548877765.694214,TwoCountryTenderLimitedInterconnection,0,0,0,9000.0,0.0,-31992396013.632034,0,0,8435459292.605535,478999216.37552166,0,56.88180088648767,56.41354499770198,56.18086456379972,55.94914383176202,0,55.25970034502651,2500.0,46.285714285714285,46.285714285714285,0,1633210866.6000001,0,0,0,611335846.467259,0.0,51008339.26315796,29266095.717439618,28576337.34085659,0,151186297.1025963,9854.0,85544515.27999847,23485857.77028689,103005005.47936541,0,22864808545.019974,0,0.0094076185697364,0,0,0,0,0,0,0,0,0,3908069415.098772,26782184.59744339,62425457.841036014,0,0.003455618368167659,0,29.28344737391374,0,0,11926988320.502026,28548877765.694214,0,-44704130211.03867,0,0,55.71837884325145,56.064884482827324,0.0,58.31001817804577,58.55151678145564,58.67264089898503,56.18086456379972,56.297084569982104,56.41354499770198,0,0,137871941.05263084,0,132336630.09174079,29.571876282098717,30.454320585852635,30.95589598971894,31.26079777154112,31.46573222097932,32.193640607117246,32.510733621892626,46.285714285714285,55.031779,55.37401476089746,1834050.6315789474,0,16200.0,10088.0,0,5.960464477539063e-08,0,22553628192.046486,0.0,51216.0,0,0,1459873992.3931274,139263398.51355666,6975585300.212412,79583306329.76163,-12256774800.518421,60600.0,44722.0,29.571876282098717,600.0,3000.0,0,46.285714285714285,32.510733621892626,46.285714285714285,3900.0,31.26079777154112,30.95589598971894,0,31.46573222097932,0,0,0,0,0,0,0,0,30364668889.919952,98306.0,47.34360030024434,44.63397721116765,31534.0,307180558.66103446,1000.0,0.0,55.94914383176202,0.0013040885607602452,0,5995249573.64771,2000.0,30.454320585852635,0,34868.0,5906087861.200001,-8505765045.344174,0.0,0,41128.0,0,0.004588055800951445,,,0,0,0,32.193640607117246,0,22553628192.046486,110500686.1229127,46.285714285714285,0.0014351092404407846,0,0,57.472590220333316,76588913805.06598,0,0.0,79123321391.43423,77575495436.14716,77012167180.6773,,61702644612.02896,77018131566.74612,-1.4901161193847656e-08,5995249573.64771,0,,0,0,0.0,2720189.47368421,0,0,0,0,77168953554.32587,54.918171097486734,0
0,20400.0,0,0,600.0,28.832941741367392,0,0,4468006034.6,9000.0,8500.0,68400.0,0,0,0,0,35040000.0,0,0,-47954075548.22717,0,6600.0,4000.0,0,720000000000.0,0,7042951982.879998,330998843.09559363,0,15039554992.862614,0,499469497.83043057,106904524.2710822,0,0,5,0,0,0,0,0,0.0,0.00011920928955078125,499469497.8304306,0,81664.30263542089,0,17786.09800377385,28014206929.11122,TwoCountryTenderLimitedInterconnection,0,0,0,9000.0,0.0,-58175437361.8219,0,0,17983880580.710403,474306805.7039192,0,58.601003854404134,58.601003854404134,58.35930113913413,57.64015805122917,0,47.191431095500576,19000.0,47.191431095500576,47.191431095500576,0,1796500286.6000004,0,0,0,606374022.1015128,0.0,51665218.392745845,30556557.82278097,25737189.950408723,0,144896384.5751659,9854.0,86984550.99618745,24108250.231660888,103664848.79669279,0,39858750413.28008,0,0.01007185810683213,0,0,0,0,0,0,0,0,0,3544517811.7885976,22506450.989743445,54987297.38459681,0,0.003458137140557501,0,28.832941741367392,0,0,11495037181.074017,28014206929.11122,0,-66990618151.99986,0,0,58.118595338570806,58.48002762477742,0.0,60.821876390343135,60.94769714630681,61.200120043808525,58.601003854404134,58.722230344653646,58.843707613234095,0,0,140333939.99999928,0,132067216.39759588,29.212217488967976,29.985801876832046,30.57940448523219,31.083039991118227,31.389194084699938,31.594970253787753,32.32586835099386,32.96579520206719,47.191431095500576,57.52116539688061,1834050.6315789474,0,16350.0,10088.0,0,5.960464477539063e-08,0,22286487940.96079,0.0,51216.0,0,0,3565110720.476565,138761021.33586934,14418769860.233849,79421160962.86938,-17984493788.66882,61800.0,44722.0,29.212217488967976,600.0,3000.0,0,32.96579520206719,32.32586835099386,47.191431095500576,4050.0,31.083039991118227,30.57940448523219,0,31.389194084699938,0,0,0,0,0,0,0,0,46901702396.1601,98856.0,47.155737593299975,42.998131236750005,32004.0,292965835.2587499,1000.0,0.0,57.283916528303834,0.0013169418722869283,0,5727718988.150514,10500.0,29.985801876832046,0,34868.0,6264506321.199999,-10221361813.59467,0.0,0,41128.0,0,0.004724265996130823,,,0,0,0,31.594970253787753,0,22286487940.96079,106904524.2710822,47.191431095500576,0.001435204797214059,0,0,59.82461626121489,52709062811.202194,0,0.0,78643672115.72754,74259015407.77646,73450303479.11415,,56776298871.637085,74154762758.79216,0.0,5727718988.150514,0,,0,0,0.0,20673439.999999985,0,0,0,0,58183220107.2478,47.191431095500576,0
0,20400.0,0,0,600.0,14.370086996580444,0,0,4801713365.8,9000.0,16500.0,87600.0,0,0,0,0,35031399.482056186,0,0,-58140565726.659424,0,16200.0,4000.0,0,720000000000.0,0,7652422570.319998,303640066.4681763,0,13761926059.584126,0,515312784.94926786,112366249.41101737,0,0,6,0,0,0,0,0,0.0,0.0,515312784.94926786,0,84254.71306014687,0,18694.78525785333,31464849887.197628,TwoCountryTenderLimitedInterconnection,0,0,0,9000.0,0.0,-68410668042.34035,0,0,30117959970.814396,482008006.9407448,0,62.99845908580642,62.7386188507023,62.47985033939522,61.709931035567536,0,48.592450245917036,35000.0,48.592450245917036,48.592450245917036,0,2130207617.8000004,0,0,0,627679034.3602853,0.0,56291662.94153295,31186705.562700134,28721012.537286077,0,146216601.2094655,9854.0,89854234.84389824,29471646.378023535,107157364.75014338,0,41411288345.22004,0,0.010044655256409503,0,0,0,0,0,0,0,0,0,2943763727.366961,15788450.519601636,53576491.46939858,0,0.0034528044241055942,0,14.370086996580444,0,0,10818162332.217167,29318674839.788776,0,-90264623490.95857,0,0,62.09369738996591,62.47985033939522,0.0,65.25100407137147,65.3859872574698,65.79261454642392,62.7386188507023,62.8684047257919,62.99845908580642,0,0,179725923.15789437,0,145671027.41954273,28.20156073675908,28.853957840322376,29.71497898399467,30.40238654992892,30.903106612597593,31.207488442577617,31.825275707938182,32.34943041601532,32.98982370461511,61.45540539761978,1834050.6315789474,0,16350.0,10088.0,0,0.0,0,23274005338.95689,0.0,51216.0,0,0,5442937991.219386,138779806.13723442,24675021979.595016,79707579472.21419,-24029163289.500706,71400.0,44722.0,28.20156073675908,600.0,3000.0,0,31.514868297953058,31.41207341539462,48.592450245917036,4050.0,30.40238654992892,28.759842288910267,0,30.903106612597593,0,0,0,0,0,0,0,0,49063710915.54014,99656.0,48.162828932573966,41.842697836737635,32804.0,269283242.44557446,1000.0,0.0,48.592450245917036,0.0013256617543802181,0,6044669500.83174,18500.0,28.666033722663467,0,34868.0,6931920983.599999,-10270102315.681671,0.0,0,41128.0,0,0.004726754731262793,,,0,0,0,31.207488442577617,0,23565620296.17279,112366249.41101737,32.455292765707185,0.0014234493217350032,0,0,64.18112217018937,24048780490.63242,0,0.0,78333733391.29344,70874309836.85846,70046722026.0133,,50636816379.240005,70982886191.56213,0.0,7899229591.024693,0,,0,0,0.0,38082652.63157897,0,0,0,0,34556000684.21098,48.592450245917036,0
0,20400.0,0,0,19800.0,0.0,0,0,5776874583.400004,9000.0,24500.0,106800.0,0,0,0,0,30924147.642592076,0,0,-56215373226.38483,0,25800.0,4000.0,0,720000000000.0,0,8680324391.460007,246906870.71309385,0,11278335485.920092,0,538709356.1431984,119405349.51368195,0,0,7,0,0,0,0,0,0.0,0.0,538709356.1431984,0,88080.10115473872,0,19865.906172875566,44403219362.114716,TwoCountryTenderLimitedInterconnection,0,0,0,9000.0,0.0,-67794317013.332886,0,0,42919024328.80822,504107356.14319956,0,62.56916955483105,62.311099945457705,61.543260099008926,48.6180486644173,0,48.6180486644173,51000.0,31.466269919744995,31.363633554891063,0,3105368835.399999,0,0,0,658114705.6568804,0.0,45696001.20223471,33552567.772383135,37801214.37046318,0,146399266.16067475,9854.0,99884242.09844533,36957566.168600924,114616630.93331933,0,40437608750.46003,0,0.010170464118081752,0,0,0,0,0,0,0,0,0,1599335065.9003727,6448085.64097487,47766598.91378345,0,0.0034743861241088286,0,0.0,0,0,9679000420.019718,27108826263.454205,0,-112966862876.21297,0,0,61.28942190351562,62.054094756848706,0.0,65.07476913191421,65.34428484042573,66.15954788559851,62.44000142244847,62.56916955483105,62.82830799340722,0,0,214892223.4731007,0,154007349.513682,0.0,14.46350010044077,28.43541619614066,29.188429692636053,29.76624742356823,30.355503705107473,30.956424976203255,31.56924215841827,32.299545078107215,32.938950830444846,58359788.21404272,0,16350.0,10088.0,0,0.0,0,22702239385.249454,0.0,51216.0,0,0,7499833545.336139,143207216.95075753,35419190783.47216,80079393336.37224,-28435750167.705456,81000.0,44722.0,0.0,10200.0,3000.0,0,28.621828468958835,28.1580717365264,31.159364068015194,4050.0,0.0,0.0,0,0.0,0,0,0,0,0,0,0,0,49117933141.91993,101128.0,44.85368151698782,29.368202233764713,34276.0,220403552.7659278,1000.0,0.0,48.6180486644173,0.0013345628761931144,0,4406586878.20419,26500.0,0.0,0,34868.0,8882243418.800003,-11578943786.949402,0.0,0,41128.0,0,0.004890273752203061,,,0,0,0,14.465235815915118,0,35097301310.96652,119405349.51368195,29.379778448759975,0.0014136752167799372,0,0,64.14018820198974,6464407278.897914,0,0.0,75259359545.91183,67400910840.01817,68287621572.386475,,34520561000.72534,67710815700.46081,0.0,9305918051.147133,0,,0,9600.0,0.0,52816991.0592928,0,0,0,0,11669442183.918089,48.6180486644173,0
0,20400.0,0,0,39000.0,0.0,0,0,8693640747.00003,16000.0,32500.0,202800.0,0,15000.0,0,0,19605671.82243111,0,0,-58432437573.578606,0,56400.0,4000.0,0,720000000000.0,0,9067262940.000002,144803872.62074915,0,5923794408.553981,0,549852707.1858654,122163187.95680103,0,0,8,0,0,0,0,0,-2.9802322387695312e-05,-0.0002384185791015625,549852707.1858653,0,89902.06224720577,0,20324.737874923176,54469271684.53065,TwoCountryTenderLimitedInterconnection,0,0,0,10000.0,0.0,-72242865888.84995,8000.0,0,56248615593.625565,515250707.1858682,0,58.68328502643674,50.299958594088636,50.299958594088636,50.299958594088636,0,31.251854613079,67000.0,28.33407332313369,0.0,0,5027241044.199993,6000.0,0,0,672015895.1426665,0.0,58742605.04449622,18878298.22641073,18284618.17629933,0,225846935.84288713,9854.0,68845855.70112583,60859666.50959483,108041512.10033292,0,41751582840.00001,0,0.010213753842906813,0,0,0,0,0,0,0,0,0,520082248.42767787,7941832.529234072,5891929.374837449,0,0.0035219438457909876,0,0.0,0,0,5403712160.126302,17335642163.395107,0,-128160228851.77107,0,0,31.251854613079,32.39542002995367,0.0,63.483902140259254,64.1432626329098,65.61806190273252,33.14483522698958,58.68328502643674,61.928958245447745,0,0,349916476.3142331,7000.0,156765187.95680138,0.0,0.0,0.0,0.0,0.0,0.0,14.560614900509096,28.989535889220264,29.85460277134428,30.745483820118196,85224003.26473865,0,16350.0,10088.0,0,-1.1920928955078125e-07,0,15193365975.562096,0.0,51216.0,6861681.401701672,0,9785587163.1612,112516403.54151937,46463028430.46452,60825764421.6637,-30578026355.53825,146400.0,44722.0,0.0,19800.0,3000.0,0,0.0,0.0,0.0,4050.0,0.0,0.0,0,0.0,0,0,0,0,0,0,0,0,50818845780.00001,115190.0,29.250186219129407,14.267617447245236,42398.0,121923919.8721493,1000.0,0.0,31.559671455464702,0.0013459245105459793,0,2142276187.8331745,34500.0,0.0,0,34868.0,13720881791.200075,-13810428315.271532,0.0,0,41128.0,0,0.004975248062164631,,,0,0,0,0.0,0,43879526604.01296,122163187.95680101,0.0,0.0014172546670343127,0,0,62.96129718477283,3018113085.6370115,0,0.0,72006129303.52388,63526444048.94635,65176484267.16728,,2725280130.7497015,64139221723.86702,-1.4901161193847656e-08,10589745080.517267,0,,0,19200.0,0.0,51770427.81474357,0,0,0,0,7732208588.28524,28.800728759762627,0
0,20400.0,0,0,58200.0,0.0,0,0,12029460453.000067,16000.0,40500.0,345600.0,0,23000.0,0,0,10987993.645834226,0,0,-57102038320.37612,0,85800.0,4000.0,0,720000000000.0,0,9063543784.86001,70127266.13759641,0,2589324809.115357,0,563429684.2746698,125767886.56846143,0,0,9,0,0,0,0,0,-2.9802322387695312e-05,0.0,563429684.2746698,0,92121.92626426874,0,20924.464810880392,68490420664.211426,TwoCountryTenderLimitedInterconnection,0,0,0,10000.0,0.0,-71665898253.7543,16000.0,0,70253798507.20943,528827684.27467424,0,51.17398006797906,51.17398006797906,33.05413116181375,31.78330337853819,0,0.0,79000.0,0.0,0.0,0,6327333374.199993,6000.0,0,0,689197570.843131,0.0,15503657.398253877,32917897.530183803,86415484.48361503,0,174590107.64206982,9854.0,54078912.10962385,25532847.15640855,75773999.8806189,0,39892857989.57997,0,0.01013691804926782,0,0,0,0,0,0,0,0,0,169229887.03429165,2704896.762158989,172110.0781626333,0,0.0035680499705174383,0,0.0,0,0,2420094922.081065,9501330275.174839,0,-136822190095.12772,0,0,14.684574876770657,29.386347363324372,0.0,62.32120988892294,63.49115904925589,63.8860026382208,30.963346407256353,31.679632917115754,33.16229961939747,0,0,453210544.49062103,7000.0,160369886.56846195,0.0,0.0,0.0,0.0,0.0,0.0,0.0,0.0,0.0,0.0,102231606.7976523,0,16350.0,10088.0,0,0.0,0,8661961243.358826,0.0,51216.0,1706126.2769331867,0,12280112059.283932,224384664.64235747,57973686447.92564,13440830722.938057,-31417395387.35425,259800.0,44722.0,0.0,29400.0,3000.0,0,0.0,0.0,0.0,4050.0,0.0,0.0,0,0.0,0,0,0,0,0,0,0,0,48956401774.439896,127292.0,16.205858411785496,5.502849354026141,44860.0,57853493.418151245,1000.0,0.0,29.19495582424915,0.0013649254940677254,0,839369031.8158172,38500.0,0.0,0,34868.0,18356793827.200188,-14563859933.377895,0.0,0,41128.0,0,0.005055758537310058,,,0,0,0,0.0,0,55214061492.21081,125767886.56846142,0.0,0.0014276569607843028,0,0,59.702976745975576,3293793506.3622837,0,0.0,69111844248.45082,59509626610.27602,61206840173.75679,,-9775525899.749088,60456108377.64188,-1.4901161193847656e-08,13276359172.00032,0,,0,28800.0,0.0,48057026.65417694,0,0,0,0,10240229576.40682,0.0,0
0,19800.0,0,0,600.0,29.571876282098717,0,0,4134193046.0999994,8500.0,500.0,63600.0,0,0,0,0,35040000.0,0,0,-970242761.9564323,0,6000.0,4000.0,0,720000000000.0,0,0,328733276.38526314,0,15756047650.794365,0,488580935.3299999,110534317.36,0,0,10,0,0,0,0,0,0.0,0.00011920928955078125,488580935.33,0,79884.0,0,18390.0,28409019231.361977,TwoCountryTenderLimitedInterconnection,0,0,0,8500.0,0.0,-1934945141.1549454,0,0,8966277345.52256,475303278.23442465,0,58.43064271321027,58.189642660824745,57.59148238837993,57.353943493922074,0,56.76437378877581,2500.0,55.94914383176202,55.8336421163234,0,1487446330.1000001,0,0,0,599115252.69,0.0,40881093.31789475,21244777.74736841,40153787.91663163,0,118299249.45263097,8338.0,121023022.05894697,21532315.473684207,126025005.69126259,0,0,0,0.009019097113888888,0,0,0,0,0,0,0,0,0,3698112578.7691016,29444090.223157883,70857701.76578948,0,0.0034414832917155727,0,29.571876282098717,0,0,12057935072.025265,28409019231.361977,0,-22486021619.27891,0,0,55.8336421163234,55.94914383176202,0.0,57.59148238837993,58.189642660824745,58.43064271321027,56.41354499770198,56.76437378877581,56.99947090281833,0,0,130485944.2105256,0,123811974.4555787,30.255973400462334,30.65396806343422,31.26079777154112,31.46573222097932,31.672010146322183,31.879640354910347,32.93838796636056,46.285714285714285,55.145621920454595,55.60335352030448,1834050.6315789474,0,16050.0,9312.0,0,5.960464477539063e-08,0,22486021619.278893,0.0,49664.0,0,0,1702141082.4125047,109956001.03157866,7264136263.110057,80488665516.15157,-5922997612.083189,57600.0,41690.0,30.255973400462334,600.0,3000.0,0,46.285714285714285,32.93838796636056,55.60335352030448,3750.0,31.46573222097932,31.26079777154112,0,31.672010146322183,0,0,0,0,0,0,0,0,0,95714.0,47.50921414762673,47.1987445417565,28712.0,297281943.9456954,1000.0,0.0,56.99947090281833,0.001286008230452675,0,5922997612.083202,2000.0,30.65396806343422,0,33352.0,5621639376.200001,-964702379.1984053,0.0,0,40352.0,0,0.0045,,,0,0,0,31.879640354910347,0,22486021619.278893,110534317.36,46.285714285714285,0.0014277777777777776,0,0,57.353943493922074,78974077262.60272,0,0.0,79774920739.78975,79940334788.38754,79618747530.32504,,79998133030.19313,79701294562.29918,0.0,5922997612.083202,0,,0,0,0.0,2720189.47368421,0,0,0,0,79568881429.09695,56.41354499770198,0
0,20400.0,0,0,600.0,28.903246815730935,0,0,4368839948.099999,8500.0,500.0,67800.0,0,0,0,0,43800000.0,0,0,-37951004174.21381,0,7200.0,5000.0,0,720000000000.0,0,8571268965.600006,333624038.8058152,0,15628042224.121216,0,500871970.17717963,113878042.24694839,0,0,11,0,0,0,0,0,5.9604644775390625e-05,0.00011920928955078125,500871970.1771797,0,81893.60978362558,0,18946.307779698047,28897565996.552345,TwoCountryTenderLimitedInterconnection,0,0,0,8500.0,0.0,-47496300979.81843,0,0,8571833407.009694,486260575.59961843,0,58.31001817804577,57.830005081386645,57.59148238837993,57.11738434028768,0,56.41354499770198,2500.0,55.8336421163234,55.60335352030448,0,1540298982.9000003,0,0,0,614750012.424128,0.0,38565152.31264564,22250151.243621517,44948718.32087787,0,117181327.76003192,9096.0,123581092.03545037,22725414.947368413,137947339.76739246,0,37713583448.63992,0,0.00904232927915275,0,0,0,0,0,0,0,0,0,3732847040.24551,27790803.9823294,65877989.0044045,0,0.003416918729129041,0,28.903246815730935,0,0,11895195183.875704,28897565996.552345,0,-45382328350.278435,0,0,55.60335352030448,55.8336421163234,0.0,57.59148238837993,57.830005081386645,58.31001817804577,55.94914383176202,56.41354499770198,56.76437378877581,0,0,139102940.52631506,0,128489436.82451311,29.571876282098717,30.354984987225894,31.057198048028624,31.46573222097932,31.568702700052683,31.775655662500853,31.9839653334927,46.285714285714285,54.918171097486734,55.145621920454595,1834050.6315789474,0,16650.0,9312.0,0,5.960464477539063e-08,0,22896306730.998978,0.0,51992.0,0,0,1702141082.4125044,107550816.03673816,6869692324.597193,81061489617.41933,-11924256877.636637,60600.0,43206.0,29.571876282098717,600.0,4000.0,0,46.285714285714285,31.9839653334927,46.285714285714285,3750.0,31.46573222097932,31.057198048028624,0,31.568702700052683,0,0,0,0,0,0,0,0,46284852414.2399,100550.0,47.239223381013524,46.335198915787,29530.0,298621942.96287984,1000.0,0.0,56.76437378877581,0.001304545899556838,0,6001259265.553425,2000.0,30.354984987225894,0,34110.0,5909138931.000003,-9545296805.604574,0.0,0,42680.0,0,0.00471522071146294,,,0,0,0,31.775655662500853,0,22896306730.998978,113878042.24694842,46.285714285714285,0.0014218423662920702,0,0,57.11738434028768,77388194145.00674,0,0.0,76989862647.3743,78983423495.88507,76679128242.61052,,61922516756.4648,76837586429.32713,2.9802322387695312e-08,6001259265.553425,0,,0,0,0.0,2720189.47368421,0,0,0,0,60706552544.93843,55.94914383176202,0
0,20700.0,0,0,600.0,28.60333830036125,0,0,4555240113.100001,8500.0,8500.0,68400.0,0,0,0,0,43800000.0,0,0,-51372115694.31189,0,7200.0,5000.0,0,720000000000.0,0,9390602643.839998,333660610.8285907,0,16420890013.197699,0,524274680.40749884,121252590.52477299,0,0,12,0,0,0,0,0,-2.9802322387695312e-05,0.00011920928955078125,524274680.4074989,0,85720.00162344657,0,20173.238438594675,30559683040.5314,TwoCountryTenderLimitedInterconnection,0,0,0,8500.0,0.0,-63885475885.677704,0,0,20972972505.331284,506372420.9572301,0,59.06740132305715,58.46021813284668,57.97896857721061,57.50168070940598,0,56.910592339957574,19000.0,55.97746320889509,55.86190303078098,0,1701432902.9000003,0,0,0,645527270.932272,0.0,42206761.7555144,24954457.24006203,48089868.9473685,0,120383988.15683879,9096.0,126885705.81143223,23903762.032099515,145299534.95916885,0,41404020747.84009,0,0.009233953796124182,0,0,0,0,0,0,0,0,0,3850083612.057791,28266002.84124457,76959226.6308577,0,0.003429014922232458,0,28.60333830036125,0,0,12570806401.13991,30559683040.5314,0,-69407197149.59213,0,0,55.86190303078098,55.97746320889509,0.0,57.97896857721061,58.46021813284668,59.06740132305715,56.32558006178486,56.910592339957574,57.14629503734591,0,0,140333939.99999928,0,139154849.97504437,29.074428467008836,30.13831767684642,30.734939506712877,31.24113663734423,31.34337213543313,31.548847912444785,31.96384937102858,48.49941303219023,55.17353458466085,55.4020430290708,1834050.6315789474,0,16950.0,9312.0,0,5.960464477539063e-08,0,24024868799.315502,0.0,51992.0,0,0,4106055273.7839203,113803192.029786,16866917231.547382,63424205164.76349,-18459071118.852493,61200.0,43206.0,29.074428467008836,600.0,4000.0,0,48.49941303219023,31.96384937102858,48.49941303219023,3750.0,31.24113663734423,30.734939506712877,0,31.34337213543313,0,0,0,0,0,0,0,0,50794623391.680115,101220.0,47.508411436275765,46.87005546552802,29850.0,302273406.40093625,1000.0,0.0,57.14629503734591,0.0013211850309501993,0,6534814241.215857,10500.0,30.13831767684642,0,34110.0,6256673016.000002,-12513360191.365877,0.0,0,42680.0,0,0.004743062238756028,,,0,0,0,31.548847912444785,0,24024868799.315502,121252590.52477297,48.49941303219023,0.0014221018631529491,0,0,57.50168070940598,76738707516.52664,0,0.0,73529053242.98117,76141129694.3492,74007021661.61943,,52571090647.04551,73299436024.88116,-1.4901161193847656e-08,6534814241.215857,0,,0,0,0.0,20673439.999999985,0,0,0,0,36972634041.17948,56.32558006178486,0
0,20700.0,0,0,600.0,27.96406523686967,0,0,4888947444.299998,8500.0,16500.0,87600.0,0,0,0,0,43800000.0,0,0,-56866149665.257065,0,16800.0,5000.0,0,720000000000.0,0,9778095506.520002,310743545.43924797,0,15475048950.699879,0,544197960.7633247,127412533.88473573,0,0,13,0,0,0,0,0,0.0,-0.0002384185791015625,544197960.7633246,0,88977.4994356971,0,21198.090820147532,39662109108.14918,TwoCountryTenderLimitedInterconnection,0,0,0,8500.0,0.0,-69931457098.28119,0,0,34902875346.811356,513879605.53677493,0,60.319154261692574,59.82260178358145,59.45287179870183,58.72025298772252,0,58.11663830787485,35000.0,48.785783027204864,48.785783027204864,0,2035140234.1000001,0,0,0,671610494.6480604,0.0,45514864.354432136,29155693.187801037,52222737.16427453,0,124176342.09887797,9096.0,128844754.32172944,30837594.404780053,146689404.18905178,0,42513458724.00005,0,0.009939694665801366,0,0,0,0,0,0,0,0,0,3477798539.940462,23009307.63835113,74415015.14940867,0,0.0033555798608309907,0,27.96406523686967,0,0,11997250410.759415,31239542526.5842,0,-93612202634.0664,0,0,56.92795973173239,57.1637343584562,0.0,59.45287179870183,59.82260178358145,60.81982833191384,57.51922848347634,58.11663830787485,58.35733600313834,0,0,179725923.15789437,0,157730889.11128825,28.331911564996787,28.798531397984263,30.146357103229,30.443285287742707,31.045944293805057,31.351733011297746,31.660533611400968,32.07700421168206,56.226454608290226,56.57611990759728,1834050.6315789474,0,16950.0,9312.0,0,-1.1920928955078125e-07,0,24205005484.47642,0.0,51992.0,0,0,6749117716.71043,114169104.92711167,28153757630.100937,59001294461.378845,-25493608160.960274,70800.0,43206.0,28.331911564996787,600.0,4000.0,0,32.07700421168206,31.557263599178423,48.785783027204864,3750.0,30.443285287742707,30.146357103229,0,31.045944293805057,0,0,0,0,0,0,0,0,52291554230.52018,102020.0,46.9890342862566,45.05587353212801,30650.0,281883886.4677236,1000.0,0.0,58.35733600313834,0.0013397499999477877,0,7034537042.107933,18500.0,28.798531397984263,0,34110.0,6924087678.399995,-13065307433.024162,0.0,0,42680.0,0,0.004858889713603339,,,0,0,0,31.351733011297746,0,30687264543.90315,127412533.88473573,48.785783027204864,0.0014121502959719744,0,0,58.72025298772252,70634087308.27536,0,0.0,70083819496.6678,72876199898.155,70757011965.42201,,31848807924.15269,70194301830.5626,0.0,8974844564.246723,0,,0,0,0.0,38082652.631578974,0,0,0,0,11356298010.450031,57.51922848347634,0
0,20700.0,0,0,19800.0,0.0,0,0,5864108661.900004,8500.0,24500.0,106800.0,0,0,0,0,40246487.51211442,0,0,-56140402127.22679,0,26400.0,5000.0,0,720000000000.0,0,9738900536.760004,247535527.25920624,0,11771004496.488636,0,551225016.6609408,129570773.90720113,0,0,14,0,0,0,0,0,2.9802322387695312e-05,0.0,551225016.6609408,0,90126.43770310207,0,21557.16513264247,52785077254.56781,TwoCountryTenderLimitedInterconnection,0,0,0,8500.0,0.0,-69764524317.96767,0,0,49610525384.627556,516623016.6609418,0,64.39477703388621,64.12917761690407,63.469961911137,62.68784177763565,0,49.97715133992005,51000.0,49.97715133992005,30.780711116005786,0,3010301451.699998,0,0,0,680795790.5681419,0.0,47155045.5850103,29269767.620189324,49763599.46524222,0,130124310.43893026,9096.0,127554822.74254155,37984361.236759454,144885498.7303193,0,42554761041.060005,0,0.009713290299012436,0,0,0,0,0,0,0,0,0,1925526597.7194724,10971087.271496963,54292192.099073775,0,0.0034063600916289065,0,0.0,0,0,9845477898.769163,29043286140.721115,0,-117501971621.07349,0,0,60.77444749995561,61.278900693434416,0.0,63.469961911137,64.2618401075399,65.46822050370469,61.53269531395348,61.91535946153342,62.30040334965772,0,0,215897908.21306047,0,164172773.9072016,0.0,14.617939370937725,27.72516131380746,28.089865039808267,29.213013898688487,29.79131830157623,30.28197421579039,30.780711116005786,31.083887404882745,60.52378030974383,58631264.319398314,0,16950.0,9312.0,0,0.0,0,23889768987.002396,0.0,51992.0,0,0,9570228206.18896,114058384.74914671,40040297178.43866,41897955100.64306,-30647125314.678993,80400.0,43206.0,0.0,10200.0,4000.0,0,28.18178811472488,27.998241798659027,30.48049185309344,3750.0,0.0,0.0,0,0.0,0,0,0,0,0,0,0,0,52293661577.81989,103492.0,46.06145717231015,32.209494353508205,32122.0,222737808.89435697,1000.0,0.0,49.97715133992005,0.001345981638615726,0,5153517153.718973,26500.0,0.0,0,34110.0,8874410113.600006,-13624122190.741415,0.0,0,42680.0,0,0.004994748718494435,,,0,0,0,14.617062325272316,0,42164242652.94049,129570773.90720114,29.500749068527046,0.0014057479273655944,0,0,62.94747171281852,63073308619.89063,0,0.0,66623844734.7236,69465619621.40569,67407580633.69126,,7330831803.35698,66790166010.24605,1.4901161193847656e-08,10620834601.627077,0,,0,9600.0,0.0,53221323.89379185,0,0,0,0,4397990053.140662,49.97715133992005,0
0,20700.0,0,0,39000.0,0.0,0,0,9292208284.300037,8500.0,32500.0,255600.0,0,12000.0,0,0,21612000.0,0,0,-60812878772.45376,0,60000.0,5000.0,0,720000000000.0,0,9278129520.000002,114169749.7054622,0,4521956207.276435,0,563214611.5904996,126136011.81274903,0,0,15,0,0,0,0,0,-2.9802322387695312e-05,-0.0002384185791015625,563214611.5904995,0,92086.7614326925,0,20985.71115865852,58676239098.66055,TwoCountryTenderLimitedInterconnection,0,0,0,8500.0,0.0,-75801847292.81798,8000.0,0,64087744275.4013,528612611.5905001,0,61.13348534666023,59.93698462193322,51.374558247371326,51.374558247371326,0,29.947186020869527,65000.0,27.779312129841628,0.0,0,4702998944.499993,0,0,0,689350623.4032485,0.0,48217142.47297596,60246716.47063365,22042572.872875895,0,130561679.06140186,9096.0,101694836.16677031,30231579.996263474,119164242.0488598,0,42595049160.00001,0,0.009561076161313003,0,0,0,0,0,0,0,0,0,523755002.3175335,1048612.8962146826,9986481.871303376,0,0.0033813797963705176,0,0.0,0,0,3998201204.958902,14642118107.593742,0,-129961080996.03278,0,0,30.045187112018834,30.74023350433957,0.0,60.630229224852606,61.38667771041008,62.024255878933644,31.348770933685568,31.969355044552792,59.51299830901153,0,0,397043829.2816805,4000.0,160738011.8127496,0.0,0.0,0.0,0.0,0.0,0.0,0.0,0.0,27.779312129841628,28.514950982912755,90348952.73749986,0,16950.0,9312.0,0,-1.1920928955078125e-07,0,12459109374.955719,0.0,51992.0,3248173.0387043543,0,12313239237.008535,177191854.3134663,51774505038.39292,17197912523.166412,-32830134047.317097,195600.0,43206.0,0.0,19800.0,4000.0,0,0.0,0.0,0.0,3750.0,0.0,0.0,0,0.0,0,0,0,0,0,0,0,0,51873178680.00001,115764.0,23.358280421898883,14.166998081086517,37594.0,97539126.53601798,1000.0,0.0,31.04301110677808,0.0013667815151559909,0,2183008732.6382318,32500.0,0.0,0,34110.0,13995207228.800068,-14988968520.36353,0.0,0,42680.0,0,0.005154992153613247,,,0,0,0,0.0,0,46847084915.19767,126136011.81274901,0.0,0.0014043541721618581,0,0,59.93698462193322,34981786918.56591,0,0.0,62791363713.138016,65573471117.374664,64126457018.89853,,712965816.645942,62806950630.29216,-1.4901161193847656e-08,11829154183.462585,0,,0,19200.0,0.0,51892823.872388475,0,0,0,0,2994541546.1987033,28.421941200681207,0
0,20700.0,0,0,58200.0,0.0,0,0,12812091702.70001,8500.0,40500.0,415200.0,0,28000.0,0,0,10791256.913469445,0,0,-58516366022.67932,0,96000.0,5000.0,0,720000000000.0,0,9485103960.900011,50875986.7208812,0,1744865179.9316697,0,572311937.5377204,127746265.178805,0,0,16,0,0,0,0,0,0.0,0.00095367431640625,572311937.5377209,0,93574.19316286627,0,21253.614920214528,74859208528.96655,TwoCountryTenderLimitedInterconnection,0,0,0,8500.0,0.0,-74713010354.37271,16000.0,0,78442684247.98682,558844883.0830221,0,60.175480338043435,53.02277643716482,31.118876990342493,29.72757049907028,0,0.0,77000.0,0.0,0.0,0,6720004995.6999855,0,0,0,700058202.7165259,0.0,78186400.59769194,21300616.312265016,11217151.84350405,0,228906857.38636202,9096.0,58446804.603216566,30509150.880042344,112009638.58031608,0,40367468796.12003,0,0.009991390135729068,0,0,0,0,0,0,0,0,0,132678110.52283056,37063.73243659669,1407181.8664475498,0,0.003395134222337689,0,0.0,0,0,1612187069.408839,8097982622.363009,0,-137252837790.21791,0,0,0.0,14.910194699754719,0.0,59.188818780495716,60.175480338043435,61.05229186525429,28.02975802638746,29.8248529063087,30.916201588468354,0,0,494359087.426582,12000.0,141213319.63350278,0.0,0.0,0.0,0.0,0.0,0.0,0.0,0.0,0.0,0.0,97212559.26315768,0,16950.0,9312.0,0,4.76837158203125e-07,0,7291756794.178578,0.0,51992.0,0,0,14793051978.27231,159481582.5131272,63649632269.71448,11889148930.61709,-33636359875.501972,319200.0,43206.0,0.0,29400.0,4000.0,0,0.0,0.0,0.0,3750.0,0.0,0.0,0,0.0,0,0,0,0,0,0,0,0,49852572757.01989,128376.0,13.40908665479737,5.217747245564752,45986.0,42237873.41240912,1000.0,0.0,28.02975802638746,0.0013863741456958617,0,806225828.1842723,36500.0,0.0,0,34110.0,19532096698.400097,-16196644331.693552,0.0,0,42680.0,0,0.00517596109594097,,,0,0,0,0.0,0,59925013815.2641,127746265.178805,0.0,0.0014037009964915541,0,0,58.21833492562146,-14361834867.874537,0,0.0,59366751386.62886,61389948550.317085,59752308006.85531,,50120598.619561,58592590204.20947,0.0,14934194713.701647,0,,0,28800.0,0.0,45375066.793550216,0,0,0,0,-206593879.46500975,0.0,0
0,20700.0,0,0,75000.0,0.0,0,0,16144709150.300081,8500.0,48500.0,577200.0,0,44000.0,0,0,5484000.0,0,0,-22384293501.048004,0,133200.0,5000.0,0,720000000000.0,0,9481213425.600006,17849549.317213885,0,608142922.8597149,0,567999604.1805769,135904726.70469394,0,0,17,0,0,0,0,0,-5.9604644775390625e-05,0.0,567999604.1805769,0,92869.11768203645,0,22610.968102868654,93709815015.9335,TwoCountryTenderLimitedInterconnection,0,0,0,8500.0,0.0,-38918287264.60953,24000.0,0,93541042527.40489,545518692.7086971,0,53.238456986821404,53.238456986821404,29.84849322654745,27.687763697326847,0,0.0,87000.0,0.0,0.0,0,8739700597.69999,0,0,0,703904330.885271,0.0,5142009.9893969335,43748973.02161823,15954152.166475283,0,336694031.212787,9096.0,67546014.60771087,93540502.99909127,82928332.21451786,0,4113293656.6799984,0,0.010380928109301076,0,0,0,0,0,0,0,0,0,23877363.087054096,13473.44397424065,141272.39455408935,0,0.003385905266913124,0,0.0,0,0,584265559.7726607,3361602701.680053,0,-140173418112.09872,0,0,0.0,0.0,0.0,60.83855912037251,61.8527214019899,62.111533151291646,0.0,0.0,28.328274944519503,0,0,546245134.3510635,20000.0,158385638.176583,0.0,0.0,0.0,0.0,0.0,0.0,0.0,0.0,0.0,0.0,95913326.10791785,0,16950.0,9312.0,0,0.0,0,2920580321.8586183,0.0,51992.0,8253.117682036449,0,17254469161.123394,58350314.67367344,76286573366.28067,13483901451.619808,-34077382255.323666,444000.0,43206.0,0.0,39000.0,4000.0,0,0.0,0.0,0.0,3750.0,0.0,0.0,0,0.0,0,0,0,0,0,0,0,0,13594507082.280012,140800.0,5.403528977406123,2.7227101835695575,54438.0,14486484.91900446,1000.0,0.0,0.0,0.0013907192893494143,0,441022379.8214794,38500.0,0.0,0,34110.0,24884409748.00016,-16533993763.560005,0.0,0,42680.0,0,0.005161891338722114,,,0,0,0,0.0,0,74744548231.9844,135904726.7046939,0.0,0.0014125746554374185,0,0,30.638927173235803,-30415487426.585567,0,0.0,56021187477.164185,57190452712.35586,55061028078.49909,,-2531371801.350089,54294936116.43205,-2.9802322387695312e-08,18965266783.95054,0,,0,36000.0,0.0,38249322.15287133,0,0,0,0,-5550494942.83721,0.0,0
0,20700.0,0,0,89400.0,0.0,0,0,19095773074.70007,8500.0,56500.0,737400.0,0,58000.0,0,0,2604000.0,0,0,-2565986006.4639435,0,170400.0,5000.0,0,720000000000.0,0,9477324486.000002,5548622.047824035,0,204042872.93191457,0,571540594.8228842,134404602.54641885,0,0,18,0,0,0,0,0,0.0,0.0,571540594.8228842,0,93448.07702329487,0,22361.38694174537,115333206106.10583,TwoCountryTenderLimitedInterconnection,0,0,0,8500.0,0.0,-19815533265.25325,30000.0,0,95630818493.62721,536938594.8228918,0,53.09373948399889,30.655633960393665,27.612500358608955,0.0,0,0.0,95000.0,0.0,0.0,0,10740780444.100012,0,0,0,705945197.3693031,0.0,34502047.40140869,122952525.71766983,9819896.840762792,0,142117829.11306542,9096.0,35409845.1906101,1732132.586576835,12381115.415461164,0,0,0,0.011008865320979855,0,0,0,0,0,0,0,0,0,3077060.363851896,2033.3869417453716,0,0,0.0034620060032051637,0,0.0,0,0,200965812.56806272,1522857563.511088,0,-141652798322.7482,0,0,0.0,0.0,0.0,30.957578295021122,61.94269606466538,61.94269606466538,0.0,0.0,0.0,0,0,589394585.6769766,28000.0,169006602.54642066,0.0,0.0,0.0,0.0,0.0,0.0,0.0,0.0,0.0,0.0,80022512.8902303,0,16950.0,9312.0,0,0.0,0,1479380210.642907,0.0,51992.0,53190.69454094814,0,19994321937.79243,347029805.1037502,75636496555.83528,13880380029.20666,-34120859608.190437,567000.0,43206.0,0.0,48600.0,4000.0,0,0.0,0.0,0.0,3750.0,0.0,0.0,0,0.0,0,0,0,0,0,0,0,0,9477324486.000002,151486.0,2.716217743247424,0.2732373392971553,62890.0,4408261.205867463,1000.0,0.0,0.0,0.0014042549441926444,0,43477352.868153766,38500.0,0.0,0,34110.0,29836553518.799934,-17249547258.790657,0.0,0,42680.0,0,0.005309522970205878,,,0,0,0,0.0,0,92367249436.63931,134404602.54641885,0.0,0.0014112106843329581,0,0,28.343721779761864,-24027528627.919205,0,0.0,51698606037.46789,52864117629.32489,50256689249.70373,,-6173563609.832971,50498644209.16388,0.0,22965956669.46572,0,,0,40800.0,0.0,28320252.672768842,0,0,0,0,-11258726517.070107,0.0,0
0,20700.0,0,0,101400.0,0.0,0,0,21683157818.299774,8500.0,64500.0,894600.0,0,62000.0,0,0,1121025.6297766874,0,0,-935806789.5646515,0,206400.0,5000.0,0,720000000000.0,0,9683957959.199999,1214305.658506162,0,54258298.0471077,0,597445883.502136,139666781.3004717,0,0,19,0,0,0,0,0,0.0,-0.00286102294921875,597445883.5021346,0,97683.64564910607,0,23236.874931342805,123425408882.70125,TwoCountryTenderLimitedInterconnection,0,0,0,8500.0,0.0,-17672228824.361465,34000.0,0,97572813591.41487,599558802.1544249,0,54.61223626497475,28.886238804086485,0.0,0.0,0,0.0,103000.0,0.0,0.0,0,12103450040.099981,0,0,0,737112664.8026063,0.0,112947616.35684034,17711879.41110631,285620.9716933906,0,20580916.588102076,9096.0,394366180.3433251,6608745.908537265,53991430.021056265,0,0,0,0.010601880631945964,0,0,0,0,0,0,0,0,0,1197701.40600664,116.87493134280521,0,0,0.0034394548346248356,0,0.0,0,0,53060596.64110106,910520508.9000442,0,-142554835212.89258,0,0,0.0,0.0,0.0,30.736184826759352,33.13481054809823,63.71427564247055,0.0,0.0,0.0,0,0,613454786.6165758,28000.0,137553862.64817652,0.0,0.0,0.0,0.0,0.0,0.0,0.0,0.0,0.0,0.0,90026656.05501889,0,16950.0,9312.0,0,-1.430511474609375e-06,0,902036890.1442087,0.0,51992.0,16649.645649106067,0,22351289514.784626,130620275.20194905,75221524076.63057,13220186833.179417,-34129343226.946213,688200.0,43206.0,0.0,58200.0,4000.0,0,0.0,0.0,0.0,3750.0,0.0,0.0,0,0.0,0,0,0,0,0,0,0,0,9683957959.199999,160514.0,1.5807214951011523,0.05184478775601028,65682.0,989128.2363428534,1000.0,0.0,0.0,0.0014205267436679626,0,8483618.755819928,38500.0,0.0,0,34110.0,33786607858.399788,-16736422034.798302,0.0,0,42680.0,0,0.005343173684911793,,,0,0,0,0.0,0,96021935702.00757,139666781.3004717,0.0,0.0014204176245214556,0,0,15.321136454061609,-14736783628.843513,0,0.0,47327410769.15768,48725226082.15704,46018453695.706696,,-9943272615.952435,46510544543.840004,0.0,27403473180.69216,0,,0,43200.0,0.0,31279124.32214433,0,0,0,0,-17055376103.561237,0.0,0
0,20700.0,0,0,111000.0,0.0,0,0,23687502073.09981,8500.0,72500.0,1034400.0,0,64000.0,0,0,241000.0,0,0,-3366906757.329483,0,243000.0,5000.0,0,720000000000.0,0,10250500561.290005,712862.5767654707,0,25116605.5037945,0,601812947.27127,138485609.95943385,0,0,20,0,0,0,0,0,-5.9604644775390625e-05,-0.0030994415283203125,601812947.2712685,0,98397.66966622796,0,23040.359120864327,127108637757.22458,TwoCountryTenderLimitedInterconnection,0,0,0,8500.0,0.0,-20361819714.189453,36000.0,0,100026615751.42229,608771102.712569,0,31.242372231875,0.0,0.0,0.0,0,0.0,111000.0,0.0,0.0,0,13480722480.099962,0,0,0,740298557.2307025,0.0,92056.16036039643,495371.5789473657,7135658.840148926,0,140027298.59841287,9096.0,395238744.753167,123804367.93864709,60466032.14536381,0,0,0,0.010844225267041433,0,0,0,0,0,0,0,0,0,195515.27417737583,0,0,0,0.0034109218193683725,0,0.0,0,0,24921090.229617123,162618477.603888,0,-142716610447.66177,0,0,0.0,0.0,0.0,29.170727154101034,31.653342232485763,64.11808421894152,0.0,0.0,0.0,0,0,624790440.9951215,28000.0,131527454.51810253,0.0,0.0,0.0,0.0,0.0,0.0,0.0,0.0,0.0,0.0,85456476.22285502,0,16950.0,9312.0,0,-1.5497207641601562e-06,0,161775234.75756666,0.0,51992.0,12203.669666227957,0,25090458110.79983,13039027.215660349,74936157640.62231,12371802025.735449,-34130186469.793156,791400.0,43206.0,0.0,67800.0,4000.0,0,0.0,0.0,0.0,3750.0,0.0,0.0,0,0.0,0,0,0,0,0,0,0,0,10250500561.290005,167074.0,0.2806769061473443,0.005197908116381035,68504.0,572113.4283970328,1000.0,0.0,0.0,0.0014297211700455817,0,843242.8463260245,38500.0,0.0,0,34110.0,37168224553.199776,-16994912956.86184,0.0,0,42680.0,0,0.005570986917890368,,,0,0,0,0.0,0,95281674046.6219,138485609.95943382,0.0,0.0014176361133585776,0,0,0.0,-7311212059.233162,0,0.0,43097455207.18237,44545559347.33927,41653878334.178055,,-13915833795.94983,42289829245.29881,-2.9802322387695312e-08,31826963710.602325,0,,0,43200.0,0.0,29085573.7662614,0,0,0,0,-23026908443.060684,0.0,0
0,20700.0,0,0,120600.0,0.0,0,0,23687502073.100067,8500.0,80500.0,1071000.0,0,64000.0,0,0,241000.0,0,0,-2849536596.8030853,0,279600.0,5000.0,0,720000000000.0,0,10246357465.290005,905123.8593852811,0,31300857.10438859,0,623037186.2115401,144915146.52492365,0,0,21,0,0,0,0,0,0.0,0.000476837158203125,623037186.2115403,0,101867.87691522653,0,24110.06471332991,131592920170.55109,TwoCountryTenderLimitedInterconnection,0,0,0,8500.0,0.0,-19533361473.881134,36000.0,0,102309689145.63881,618207796.634661,0,29.501409494424095,0.0,0.0,0.0,0,0.0,119000.0,0.0,0.0,0,14851432103.299997,0,0,0,767952332.7364639,0.0,123717904.63901237,1987253.5116173578,23987644.190583814,0,40421786.69331968,9096.0,10512620.095814046,51733.76059745379,472666570.9672856,0,0,0,0.011107514707200106,0,0,0,0,0,0,0,0,0,143463.33482970283,0,0,0,0.0034394267980553447,0,0.0,0,0,31157393.769558884,170391859.5261531,0,-142886174495.75275,0,0,0.0,0.0,0.0,29.501409494424095,31.69993749164719,66.85184301468442,0.0,0.0,0.0,0,0,641514922.245477,28000.0,149744536.1018115,0.0,0.0,0.0,0.0,0.0,0.0,0.0,0.0,0.0,0.0,93859738.60641342,0,16950.0,9312.0,0,2.384185791015625e-07,0,169564048.06659713,0.0,51992.0,15673.87691522653,0,27889349155.774685,94606818.87823497,74420339989.86435,11631506193.731136,-34131014281.25353,791400.0,43206.0,0.0,77400.0,4000.0,0,0.0,0.0,0.0,3750.0,0.0,0.0,0,0.0,0,0,0,0,0,0,0,0,10246357465.290005,167074.0,0.28374160950876215,0.004908257757050114,71326.0,730250.9503563023,1000.0,0.0,0.0,0.0014474255331893956,0,827811.4595479782,38500.0,0.0,0,34110.0,38538934176.39989,-16683824877.078903,0.0,0,42680.0,0,0.005617543500471106,,,0,0,0,0.0,0,95289462859.9303,144915146.52492365,0.0,0.0014232255403868294,0,0,0.0,291020169.81669843,0,0.0,39011790640.39381,40454990473.886894,37175693180.70336,,-17803946416.156055,38260422961.93403,0.0,36303457310.62059,0,,0,43200.0,0.0,31415874.148275945,0,0,0,0,-28850268816.704403,0.0,0
0,20700.0,0,0,145800.0,0.0,0,0,24591927205.100166,8500.0,88500.0,1107600.0,0,64000.0,0,0,241000.0,0,0,-3324130423.255234,0,316200.0,5000.0,0,720000000000.0,0,10238112327.599995,904814.2703553402,0,31780297.543480415,0,635491095.6977198,148099464.6903772,0,0,22,0,0,0,0,0,-5.9604644775390625e-05,0.0002384185791015625,635491095.6977199,0,103904.11704138292,0,24639.851411808067,136723812878.33035,TwoCountryTenderLimitedInterconnection,0,0,0,8500.0,0.0,-19160632404.66446,36000.0,0,104806995502.85193,600889095.6976976,0,28.697842737944402,0.0,0.0,0.0,0,0.0,127000.0,0.0,0.0,0,16215629949.900032,0,0,0,783590560.3880969,0.0,393271.92396168265,28982.218599327498,161377133.16469902,0,57765396.96590438,9096.0,162069977.55224127,20902077.383117646,21244775.579576686,0,0,0,0.011728297126101227,0,0,0,0,0,0,0,0,0,77831.35354655886,0,0,0,0.0034917785668203785,0,0.0,0,0,31702466.189933848,175364780.44611418,0,-143060718809.17224,0,0,0.0,0.0,0.0,29.74795195227202,31.96485298676255,67.41052200565328,0.0,0.0,0.0,0,0,661157366.3939918,28000.0,182701464.69038057,0.0,0.0,0.0,0.0,0.0,0.0,0.0,0.0,0.0,0.0,91112867.9129595,0,16950.0,9312.0,0,1.1920928955078125e-07,0,174544313.38639644,0.0,51992.0,16618.117041382924,0,30812051625.63634,359808945.60000294,73994943877.21617,10998576345.867891,-34131834748.314205,791400.0,43206.0,0.0,87000.0,4000.0,0,0.0,0.0,0.0,3750.0,0.0,0.0,0,0.0,0,0,0,0,0,0,0,0,10238112327.599995,168166.0,0.2861128302402745,0.004774565406976315,74148.0,730285.9783543823,1000.0,0.0,0.0,0.0014517793342742787,0,820467.0597172631,38500.0,0.0,0,34110.0,40807557154.99984,-15836501981.410095,0.0,0,42680.0,0,0.0056207173219439445,,,0,0,0,0.0,0,95294443125.25075,148099464.69037718,0.0,0.0014281703425994255,0,0,0.0,7115525595.752726,0,0.0,35128853655.6146,36571252188.06073,32900234482.766983,,-21564714829.221382,34466054949.06643,-2.9802322387695312e-08,41429369753.079735,0,,0,58800.0,0.0,30157893.69369906,0,0,0,0,-34605206404.97216,0.0,0
0,20700.0,0,0,155400.0,0.0,0,0,24591927205.09997,8500.0,96500.0,1144800.0,0,64000.0,0,0,240996.98732918903,0,0,-3165859302.906845,0,353400.0,5000.0,0,720000000000.0,0,10023796989.719992,997084.4067057683,0,34849580.99438904,0,645820230.4505984,152301667.5924742,0,0,23,0,0,0,0,0,5.9604644775390625e-05,-0.0007152557373046875,645820230.450598,0,105592.95207552442,0,25338.987329189044,141470904445.0762,TwoCountryTenderLimitedInterconnection,0,0,0,8500.0,0.0,-18326283385.87332,36000.0,0,107562490386.03336,678104814.9364524,0,15.839334959848099,0.0,0.0,0.0,0,0.0,135000.0,0.0,0.0,0,17584123669.100048,0,0,0,798121898.0430723,0.0,284268.89669422153,114344466.65899456,9375.501443076622,0,19658131.89293234,9096.0,196877857.75710452,5378972.049456462,88036650.11037411,0,0,0,0.011219041367692565,0,0,0,0,0,0,0,0,0,16098.271200227555,0,0,0,0.003497813051317059,0,0.0,0,0,34833482.72318882,183227951.12896365,0,-143243482842.17975,0,0,0.0,0.0,0.0,30.698146840444767,32.771024124539764,67.44860786332734,0.0,0.0,0.0,0,0,686847843.0480987,28000.0,120017083.10658683,0.0,0.0,0.0,0.0,0.0,0.0,0.0,0.0,0.0,0.0,83561344.50884417,0,16950.0,9312.0,0,-3.5762786865234375e-07,0,182764033.04802173,0.0,51992.0,18306.952075524416,0,33720728926.038353,373532175.17607737,73841761459.99586,10419421843.566572,-34132298666.395325,791400.0,43206.0,0.0,96600.0,4000.0,0,0.0,0.0,0.0,3750.0,0.0,0.0,0,0.0,0,0,0,0,0,0,0,0,10023796989.719992,168166.0,0.2945995495138719,0.0026352482818789856,77000.0,807668.877496147,1000.0,0.0,0.0,0.0014799712115955176,0,463918.08094176464,38500.0,0.0,0,34110.0,42176050874.20041,-15160424082.96611,0.0,0,42680.0,0,0.005555796398011861,,,0,0,0,0.0,0,95302662844.91187,152301667.59247422,0.0,0.0014264079711152802,0,0,0.0,13994312997.96862,0,0.0,31282023569.822655,32866434942.294357,28971138750.674664,,-25319552951.790947,30786373929.750767,2.9802322387695312e-08,46168241600.16334,0,,0,58800.0,0.0,26456322.139975525,0,0,0,0,-40315860485.2236,0.0,0
0,20700.0,0,0,165000.0,0.0,0,0,24591927205.100292,8500.0,104500.0,1183200.0,0,64000.0,0,0,240000.0,0,0,-2642804350.656128,0,391800.0,5000.0,0,720000000000.0,0,10225843429.770002,1091356.0005908126,0,38676169.35836627,0,656279329.7382327,157291877.8726412,0,0,24,0,0,0,0,0,5.9604644775390625e-05,0.0002384185791015625,656279329.7382329,0,107303.03658164434,0,26169.226925760537,146492770668.41507,TwoCountryTenderLimitedInterconnection,0,0,0,8500.0,0.0,-17129931332.057892,36000.0,0,109798577213.54688,621677329.7382455,0,0.0,0.0,0.0,0.0,0,0.0,143000.0,0.0,0.0,0,18967677982.7,0,0,0,813571207.6108742,0.0,14200388.444278918,177493211.77104408,6633.226925760537,0,41929520.12629421,9096.0,12576659.432812292,193644.4303945766,474276267.4746732,0,0,0,0.011447809625208041,0,0,0,0,0,0,0,0,0,0,0,0,0,0.0035676392040841927,0,0.0,0,0,38676169.35836627,217029585.02077103,0,-143460512427.18463,0,0,0.0,0.0,0.0,30.851831510105505,66.66955677614233,66.66955677614233,0.0,0.0,0.0,0,0,660637840.644148,28000.0,191893877.8726472,0.0,0.0,0.0,0.0,0.0,0.0,0.0,0.0,0.0,0.0,118821172.27444266,0,16950.0,9312.0,0,1.1920928955078125e-07,0,217029585.02077103,0.0,51992.0,21353.453470918146,0,36449447840.46457,92894882.70445816,73349129373.08287,9973724010.290344,-34132298666.395325,791400.0,43206.0,0.0,106200.0,4000.0,0,0.0,0.0,0.0,3750.0,0.0,0.0,0,0.0,0,0,0,0,0,0,0,0,10225843429.770002,168166.0,0.3439941790132579,0.0,79912.0,887476.3833324572,1000.0,0.0,0.0,0.0014941211217983721,0,0.0,38500.0,0.0,0,34110.0,43559605187.80022,-14487126981.404106,0.0,0,42680.0,0,0.0056017712072313,,,0,0,0,0.0,0,95336928396.88458,157291877.87264124,0.0,0.001414529077397422,0,0,0.0,21034063440.985405,0,0.0,27528648644.3056,29483814251.1327,25064682403.37975,,-28920117839.26454,27341698912.32,2.9802322387695312e-08,51155842271.53028,0,,0,58800.0,0.0,32759485.238222487,0,0,0,0,-45952152558.15063,0.0,0
0,20700.0,0,0,174600.0,0.0,0,0,24591927205.099712,8500.0,112500.0,1221600.0,0,64000.0,0,0,240000.0,0,0,-2397458418.2760773,0,430200.0,5000.0,0,720000000000.0,0,10361303595.900003,1214884.2783151711,0,44272859.45871861,0,672290312.9881173,161858777.93712896,0,0,25,0,0,0,0,0,0.00011920928955078125,0.0,672290312.9881173,0,109920.8656728877,0,26929.038848354652,151151796578.63898,TwoCountryTenderLimitedInterconnection,0,0,0,8500.0,0.0,-16749922146.830963,36000.0,0,112559386464.71004,637688312.9880875,0,0.0,0.0,0.0,0.0,0,0.0,151000.0,0.0,0.0,0,20344828600.30004,0,0,0,834149090.9252462,0.0,103524.14592063712,184322569.54089937,12029355.211463366,0,16836418.486389957,9096.0,391669392.7519671,5329.038848354652,77760570.40983342,0,0,0,0.011284755146875377,0,0,0,0,0,0,0,0,0,0,0,0,0,0.0035605306722230577,0,0.0,0,0,44272859.45871861,227724310.2911468,0,-143688236737.4894,0,0,0.0,0.0,0.0,31.777663569401156,67.2212544867756,67.2212544867756,0.0,0.0,0.0,0,0,692870276.6907468,28000.0,196460777.93713593,0.0,0.0,0.0,0.0,0.0,0.0,0.0,0.0,0.0,0.0,106120402.94810776,0,16950.0,9312.0,0,0.0,0,227724310.2911468,0.0,51992.0,46801.52166267573,0,39450504988.837425,151421931.33993155,73108881475.87305,9613193239.321392,-34132298666.395325,791400.0,43206.0,0.0,115800.0,4000.0,0,0.0,0.0,0.0,3750.0,0.0,0.0,0,0.0,0,0,0,0,0,0,0,0,10361303595.900003,168166.0,0.3520140537894774,0.0,82824.0,991626.2614227001,1000.0,0.0,0.0,0.0015152219625713108,0,0.0,38500.0,0.0,0,34110.0,44936755805.39976,-14352463728.552414,0.0,0,42680.0,0,0.005590609661226365,,,0,0,0,0.0,0,95347623122.15515,161858777.93712902,0.0,0.0014123716103282855,0,0,0.0,28075474760.863735,0,0.0,23810850985.661186,26245096115.218437,20995882570.1182,,-32440014758.453957,24014550811.587494,5.960464477539063e-08,55804173456.484955,0,,0,58800.0,0.0,33656725.48636678,0,0,0,0,-51510594606.148865,0.0,0
0,20700.0,0,0,184800.0,0.0,0,0,24591927205.099895,8500.0,120500.0,1260000.0,0,64000.0,0,0,240000.0,0,0,-2224189634.942093,0,468600.0,5000.0,0,720000000000.0,0,5233353230.790003,1254408.3806746283,0,45043488.92227298,0,677413186.4912684,160610535.359695,0,0,26,0,0,0,0,0,0.0,0.0,677413186.4912684,0,110758.46615488218,0,26721.364150149857,156008616756.91205,TwoCountryTenderLimitedInterconnection,0,0,0,8500.0,0.0,-10918467774.445923,36000.0,0,115307620350.24614,642811186.4912211,0,0.0,0.0,0.0,0.0,0,0.0,159000.0,0.0,0.0,0,21749140256.299965,0,0,0,838023721.8509634,0.0,8626308.413387747,186527728.84421638,55602.737943917076,0,185135490.3200415,9096.0,16043099.228630643,2895.364150149857,75149534.51872592,0,0,0,0.011310707476271185,0,0,0,0,0,0,0,0,0,0,0,0,0,0.0034692199780757206,0,0.0,0,0,45043488.92227298,230641185.40601653,0,-143918877922.86533,0,0,0.0,0.0,0.0,32.02671866019633,67.08731593471639,67.08731593471639,0.0,0.0,0.0,0,0,711224272.4865774,28000.0,195212535.35970217,0.0,0.0,0.0,0.0,0.0,0.0,0.0,0.0,0.0,0.0,95494242.55424762,0,16950.0,9312.0,0,0.0,0,230641185.40601653,0.0,51992.0,54943.88445272377,0,42369861412.0551,366483062.42387694,72937758938.19164,9335436461.161703,-34132298666.395325,791400.0,43206.0,0.0,126000.0,4000.0,0,0.0,0.0,0.0,3750.0,0.0,0.0,0,0.0,0,0,0,0,0,0,0,0,5233353230.790003,168166.0,0.3537226852077447,0.0,85778.0,1025101.8190744097,1000.0,0.0,0.0,0.0015341495383687656,0,0.0,38500.0,0.0,0,34110.0,46341067461.40002,-8694278139.503548,0.0,0,42680.0,0,0.005447237086779572,,,0,0,0,0.0,0,95350539997.27126,160610535.359695,0.0,0.001410752245252119,0,0,0.0,35197014106.04799,0,0.0,22895942463.444435,25634200859.721836,18072614650.12228,,-35954692308.63812,19769344369.79262,0.0,60658076759.64127,0,,0,58800.0,0.0,29755854.544945873,0,0,0,0,-57063889257.93274,0.0,0
0,20700.0,0,0,194400.0,0.0,0,0,24591927205.099804,8500.0,128500.0,1297800.0,0,64000.0,0,0,957958.9844008572,0,0,-8089668038.880966,0,506400.0,5000.0,0,720000000000.0,0,10931795111.339989,1325493.6232870575,0,60959958.83970295,0,686626822.8322622,161677454.21088716,0,0,27,0,0,0,0,0,-5.9604644775390625e-05,0.0,686626822.8322622,0,112264.91487655984,0,26898.871354627547,161802542487.6652,TwoCountryTenderLimitedInterconnection,0,0,0,8500.0,0.0,-19433906142.235382,36000.0,0,104858497442.04277,665662673.734612,0,0.0,0.0,0.0,0.0,0,0.0,167000.0,0.0,0.0,0,23102930397.100006,0,0,0,848304277.0431494,0.0,40415.40910191239,6716124.836914531,768.8713546275467,0,18611936.661119174,9096.0,408383811.2943347,175884294.19116944,199562085.32773936,0,17690338515.47999,0,0.011676423621172922,0,0,0,0,0,0,0,0,0,0,0,0,0,0.00352448538946163,0,0.0,0,0,60959958.83970295,1154439378.9851062,0,-145073317301.85522,0,0,0.0,0.0,0.0,31.20538549912062,65.36684504135488,65.36684504135488,0.0,0.0,0.0,0,0,699107024.6400017,28000.0,182641603.30854374,0.0,0.0,0.0,0.0,0.0,0.0,0.0,0.0,0.0,0.0,112359520.53268786,0,16950.0,9312.0,0,0.0,0,1154439378.9851062,0.0,51992.0,69588.15971304315,0,42837716891.7325,39104840.45142869,62020780550.310585,9264879596.120222,-34132298666.395325,791400.0,43206.0,0.0,135600.0,4000.0,0,0.0,0.0,0.0,3750.0,0.0,0.0,0,0.0,0,0,0,0,0,0,0,0,28622133626.82,168166.0,1.749520253106979,0.0,88660.0,1085845.4528706518,1000.0,0.0,0.0,0.0015421922485271426,0,0.0,38500.0,0.0,0,34110.0,47694857602.20038,-11344238103.356972,0.0,0,42680.0,0,0.00545818433844198,,,0,0,0,0.0,0,96274338190.84892,161677454.21088713,0.0,0.001413272112183788,0,0,16.73835261573338,25171545945.891907,0,0.0,20404795409.602146,23547745324.596714,16023182308.535471,,-33917299471.213844,15052141196.989605,-2.9802322387695312e-08,65528204296.8157,0,,0,58800.0,0.0,34484691.10304876,0,0,0,0,-57094925109.04251,0.0,0
0,20700.0,0,0,204600.0,0.0,0,0,24628909881.09978,8500.0,134500.0,1336200.0,0,64000.0,0,0,828271.4697126215,0,0,23564519087.895584,0,544800.0,5000.0,0,720000000000.0,0,13204824414.66001,1314799.195899308,0,58908640.75772788,0,685977429.0276654,157106855.59877336,0,0,28,0,0,0,0,0,5.9604644775390625e-05,-0.0002384185791015625,685977429.0276653,0,112158.73763767234,0,26138.444091092566,174981723426.50632,TwoCountryTenderLimitedInterconnection,0,0,0,8500.0,0.0,8008863276.420197,36000.0,0,100246343330.62688,651375429.0276362,0,0.0,0.0,0.0,0.0,0,0.0,175000.0,0.0,0.0,0,24457079215.300053,0,0,0,843084284.6264386,0.0,3966104.717814263,187729095.37653312,13655.504430637962,0,18345273.735518064,9096.0,394605731.0483816,0,82596266.16478987,0,4376794667.640002,0,0.011411342497138315,0,0,0,0,0,0,0,0,0,0,0,0,0,0.0035624223110870606,0,0.0,0,0,58908640.75772788,1160826592.1584613,0,-146234143894.00232,0,0,0.0,0.0,0.0,31.702493920599665,65.49821206130376,65.49821206130376,0.0,0.0,0.0,0,0,702074757.241719,28000.0,191708855.59878138,0.0,0.0,0.0,0.0,0.0,0.0,0.0,0.0,0.0,0.0,105519906.15582812,0,16950.0,9312.0,0,-1.1920928955078125e-07,0,1160826592.1584613,0.0,51992.0,67604.42567783497,0,43499294732.39546,155828158.0789806,56747048598.23081,14508981289.012465,-34132298666.395325,791400.0,43206.0,0.0,145800.0,4000.0,0,0.0,0.0,0.0,3750.0,0.0,0.0,0,0.0,0,0,0,0,0,0,0,0,17581619082.299995,168246.0,1.7609293130984645,0.0,91534.0,1076706.8699942627,1000.0,0.0,0.0,0.001566131327588666,0,0.0,40500.0,0.0,0,34110.0,49085989096.40008,-15555655811.470383,0.0,0,42680.0,0,0.005400874784531674,,,0,0,0,0.0,0,109376180875.62459,157106855.5987734,0.0,0.0014072408291888106,0,0,16.826102678716286,34810264322.20696,0,0.0,16428999735.894175,12969966867.267906,15738618452.128662,,-30519051672.647804,14334623372.962545,2.9802322387695312e-08,65605542550.88464,0,,0,58800.0,0.0,33278946.1375548,0,0,0,0,-51811473888.9178,0.0,0
0,20700.0,0,0,214200.0,0.0,0,0,25003458040.300087,8500.0,139500.0,1374600.0,0,64000.0,0,0,240000.0,0,0,57898984410.14285,0,580800.0,5000.0,0,720000000000.0,0,1606725720.0000002,1265782.4999446406,0,47306698.73523432,0,687605671.569955,153917062.1330997,0,0,29,0,0,0,0,0,5.9604644775390625e-05,-0.00095367431640625,687605671.5699545,0,112424.95868283116,0,25607.74644682443,198840524150.59662,TwoCountryTenderLimitedInterconnection,0,0,0,8500.0,0.0,57851407557.18219,36000.0,0,87502167297.68225,684043627.905804,0,0.0,0.0,0.0,0.0,0,0.0,198000.0,0.0,0.0,0,25711104184.10002,0,0,0,841522733.7030543,0.0,2456727.1813352546,155015792.86947775,6585.746446824429,0,41041028.45870984,9096.0,101289553.27565135,0,528439202.11434907,0,1118354652.6,0,0.011764383455500741,0,0,0,0,0,0,0,0,0,0,0,0,0,0.0036022209784495243,0,0.0,0,0,47306698.73523432,231935027.21610817,0,-146466078921.21368,0,0,0.0,0.0,0.0,32.04373381644165,64.8104974143801,64.8104974143801,0.0,0.0,0.0,0,0,678445223.8471421,28000.0,157479105.79726085,0.0,0.0,0.0,0.0,0.0,0.0,0.0,0.0,0.0,0.0,119798857.64389426,0,16950.0,9312.0,0,-4.76837158203125e-07,0,231935027.21610817,0.0,51992.0,60030.27061125121,0,43266391295.17704,13273844.057092069,44235776002.505714,19543470843.35464,-34132298666.395325,793800.0,43206.0,0.0,155400.0,4000.0,0,0.0,0.0,0.0,3750.0,0.0,0.0,0,0.0,0,0,0,0,0,0,0,0,2725080372.6,169086.0,0.3502351554821742,0.0,94206.0,1034821.2110368082,1000.0,0.0,0.0,0.001580478045804544,0,0.0,58500.0,0.0,0,34110.0,50714562224.400024,-47576852.95603943,0.0,0,42680.0,0,0.0054551805825579945,,,0,0,0,0.0,0,128303879804.28328,153917062.13309973,0.0,0.0014091925175015807,0,0,0.0,75181458205.7591,0,0.0,15542543442.99814,9842497698.621798,16881437196.454206,,-25230108742.903584,17158153237.223356,2.9802322387695312e-08,70536644346.32101,0,,0,58800.0,0.0,41712839.44145039,0,0,0,0,-44607115846.41239,0.0,0
0,20700.0,0,0,224400.0,0.0,0,0,25132624542.700127,8500.0,152500.0,1380600.0,0,64000.0,0,0,1715527.898011378,0,0,61815199157.38716,0,586800.0,5000.0,0,720000000000.0,0,5226360698.5199995,1414790.3609037094,0,80905556.83947995,0,708875651.1492043,159995775.78196532,0,0,30,0,0,0,0,0,5.9604644775390625e-05,0.0007152557373046875,708875651.1492046,0,115902.64462152048,0,26619.084343258506,222271446147.18433,TwoCountryTenderLimitedInterconnection,0,0,0,8500.0,0.0,64992686483.19736,36000.0,0,72364683105.92761,704388952.8038546,0,0.0,0.0,0.0,0.0,0,0.0,211000.0,0.0,0.0,0,26476445409.90003,0,0,0,868871426.9311697,0.0,3220331.7748481566,6975.084343258506,161255167.2681344,0,109913032.47494964,9096.0,17420662.01157934,0,539423054.0860006,0,27997740350.09992,0,0.012436396031804521,0,0,0,0,0,0,0,0,0,0,0,2328.644621520478,0,0.003679060553825707,0,0.0,0,0,80905556.83947995,1232717375.6465476,0,-147698796296.8373,0,0,0.0,0.0,0.0,32.93536858991514,65.46216699069595,75.88309443134963,0.0,0.0,0.0,0,0,698634351.3700645,28000.0,164482474.12732708,0.0,0.0,0.0,0.0,0.0,0.0,0.0,0.0,0.0,0.0,125215617.92802112,0,16950.0,9312.0,0,3.5762786865234375e-07,0,1232717375.6465476,0.0,51992.0,89225.8860731442,0,40447264684.5668,37632204.23132408,31917418421.361137,20654484374.82836,-34132298666.395325,793800.0,43206.0,0.0,163200.0,4000.0,0,0.0,0.0,0.0,3750.0,0.0,0.0,0,0.0,0,0,0,0,0,0,0,0,33224101048.619892,169254.0,1.80720516530948,0.0,95572.0,1163275.4307059245,1000.0,0.0,0.0,0.001585545337528734,0,0.0,58500.0,0.0,0,34110.0,51609069952.60035,3177487325.813141,0.0,0,42680.0,0,0.005633359507063443,,,0,0,0,0.0,0,146943888028.38745,159995775.78196535,0.0,0.0014084228298804349,0,0,17.244509984377185,124247783579.58849,0,0.0,17697136009.934868,12584225785.732523,14048044280.868254,,-15749552343.42826,18272712824.574924,2.9802322387695312e-08,75327558118.80005,0,,0,61200.0,0.0,41799584.843463294,0,0,0,0,-42449811993.80176,0.0,0
0,20700.0,0,0,231000.0,0.0,0,0,25686387535.099953,8500.0,158500.0,1404600.0,0,66000.0,0,0,2112435.0620720135,0,0,18818694662.07129,0,591600.0,5000.0,0,720000000000.0,0,10117789915.980003,1477370.9263820804,0,91145582.62478173,0,729266175.684463,165759361.2042924,0,0,31,0,0,0,0,0,0.0,0.0002384185791015625,729266175.6844631,0,119236.53782976528,0,27577.993200237168,208104390224.45706,TwoCountryTenderLimitedInterconnection,0,0,0,8500.0,0.0,17543274657.558075,38000.0,0,75372411058.68695,705988399.7522322,0,0.0,0.0,0.0,0.0,0,0.0,221000.0,0.0,0.0,0,27023486112.90005,0,0,0,895025536.8887553,0.0,0,8143.993200237168,3301186.5324637857,0,187714906.16609025,9096.0,414853485.7778742,185727806.61083776,88542462.36528313,0,52269895361.60941,0,0.012612354483025149,0,0,0,0,0,0,0,0,0,0,0,3142.5378297652787,0,0.0036383418016955834,0,0.0,0,0,91145582.62478173,1278848238.9264374,0,-148977644535.7967,0,0,0.0,0.0,0.0,33.63791842026909,67.60031408476132,75.88309443134963,0.0,0.0,0.0,0,0,744290343.699767,28000.0,189037137.13650492,0.0,0.0,0.0,0.0,0.0,0.0,0.0,0.0,0.0,0.0,109180056.76386453,0,16950.0,9312.0,0,1.1920928955078125e-07,0,1278848238.9264374,0.0,51992.0,106134.6460150904,0,39575959988.20515,14877545.44301657,35796451070.48195,16350071807.310375,-34132298666.395325,813000.0,43206.0,0.0,169800.0,4000.0,0,0.0,0.0,0.0,3750.0,0.0,0.0,0,0.0,0,0,0,0,0,0,0,0,62387685277.58919,171774.0,1.8204018857300068,0.0,96514.0,1217890.3666464721,1000.0,0.0,0.0,0.0016012843391262587,0,0.0,62500.0,0.0,0,34110.0,52709873648.00034,-1275420004.5519257,0.0,0,42680.0,0,0.00580535621394359,,,0,0,0,0.0,0,132662574211.88663,165759361.2042924,0.0,0.0014153092730903264,0,0,17.300836942619707,149616793897.8296,0,0.0,14460763827.841297,18125725278.94342,12814147912.479202,,-13210821112.931717,15926061877.294445,0.0,75441816012.53307,0,,0,61200.0,0.0,37856053.25277548,0,0,0,0,-47234446312.93884,0.0,0
0,20700.0,0,0,258000.0,0.0,0,0,25844524186.300114,8500.0,170500.0,1423800.0,0,66000.0,0,0,2544000.0,0,0,6587059169.896545,0,606000.0,5000.0,0,720000000000.0,0,1541089207.08,2893826.5840001297,0,145659309.50844675,0,754598651.536384,173314524.53602833,0,0,32,0,0,0,0,0,0.0,0.0,754598651.536384,0,123378.45036588995,0,28834.973448444707,189715817050.96008,TwoCountryTenderLimitedInterconnection,0,0,0,8500.0,0.0,10707761893.35196,38000.0,0,76876369632.7518,719996651.5363785,0,0.0,0.0,0.0,0.0,0,0.0,237000.0,0.0,0.0,0,28924242724.50008,0,0,0,927913176.0724123,0.0,0,3058424.967069409,204849974.59551644,0,218939102.05323115,9096.0,81655767.46264811,8124.973448444711,43949596.189125344,0,45676170097.46971,0,0.012931679075587562,0,0,0,0,0,0,0,0,0,0,0,6884.450365889948,0,0.003683990001743481,0,0.0,0,0,145659309.50844675,2087697407.5631313,0,-151065341943.35364,0,0,0.0,0.0,0.0,33.48370126813747,69.66427456732308,77.59551216425119,0.0,0.0,0.0,0,0,782854925.9589052,28000.0,207916524.53602907,0.0,0.0,0.0,0.0,0.0,0.0,0.0,0.0,0.0,0.0,105321529.62032726,0,16950.0,9312.0,0,0.0,0,2087697407.5631313,0.0,51992.0,137557.55772809417,0,39903640496.2346,375452185.8313873,36972729136.51756,3728003972.0848236,-34132298666.395325,817800.0,43206.0,0.0,196800.0,4000.0,0,0.0,0.0,0.0,3750.0,0.0,0.0,0,0.0,0,0,0,0,0,0,0,0,47217259304.54967,172174.0,2.8688392515722523,0.0,99604.0,2334129.6550230565,1000.0,0.0,0.0,0.0016197347047481358,0,0.0,66500.0,0.0,0,34110.0,54768766910.800156,4120702723.4542084,0.0,0,42680.0,0,0.005892975640350696,,,0,0,0,0.0,0,115226141899.69057,173314524.53602833,0.0,0.0014059453725369139,0,0,29.76825110478205,178571379500.10617,0,0.0,13916385745.083069,22990713646.718266,13044117391.975534,,-18312667299.688812,15496184836.236023,0.0,74489675151.26875,0,,0,61200.0,0.0,34154451.90100691,0,0,0,0,-51878058723.33477,0.0,0
0,20700.0,0,0,310200.0,0.0,0,0,26970796767.899845,8500.0,185500.0,1435800.0,0,66000.0,0,0,2544000.0,0,0,4866651524.093109,0,613200.0,5000.0,0,720000000000.0,0,7239574327.680005,1993294.6850480759,0,118380302.88812737,0,768921005.1363864,176703209.36369726,0,0,33,0,0,0,0,0,0.0,0.0007152557373046875,768921005.1363868,0,125720.18499417594,0,29398.761378467094,200894561242.52817,TwoCountryTenderLimitedInterconnection,0,0,0,8500.0,0.0,4853959178.966034,38000.0,0,86523507477.71167,766806702.7387539,0,0.0,0.0,0.0,0.0,0,0.0,254000.0,0.0,0.0,0,31052103266.100056,0,0,0,945624214.5000842,0.0,177360026.82479575,5602.7613784670975,0,0,43050538.46379065,9096.0,101705646.26730804,1451882.1751112898,606900197.321025,0,44136239921.280014,0,0.013739846301715784,0,0,0,0,0,0,0,0,0,0,0,7562.184994175943,0,0.0036420298316488606,0,0.0,0,0,118380302.88812737,2149047993.692537,0,-153214389937.06293,0,0,0.0,0.0,0.0,33.79321509273747,70.71570768420835,79.56010611376871,0.0,0.0,0.0,0,0,728037377.1996171,28000.0,178817511.76127952,0.0,0.0,0.0,0.0,0.0,0.0,0.0,0.0,0.0,0.0,164725641.39241102,0,16950.0,9312.0,0,3.5762786865234375e-07,0,2149047993.692537,0.0,51992.0,137236.38208144126,0,37159106760.81994,15150320.686689964,49364400716.891975,-4634494935.935846,-34132298666.395325,822600.0,43206.0,0.0,229800.0,4000.0,0,0.0,0.0,0.0,3750.0,0.0,0.0,0,0.0,0,0,0,0,0,0,0,0,51375814248.9602,173838.0,2.896142951792903,0.0,102874.0,1631012.1121751806,1000.0,0.0,0.0,0.0016470000137237806,0,0.0,68500.0,0.0,0,34110.0,58022900033.99978,-12692345.120010376,0.0,0,42680.0,0,0.005825855409265501,,,0,0,0,0.0,0,125456469233.05232,176703209.36369726,0.0,0.0014077923503604923,0,0,30.04342036332103,201537519504.05563,0,0.0,14277415867.471691,19447092194.57476,14663634270.862524,,-23409927734.342953,17046566941.98378,0.0,75438092009.47978,0,,0,80400.0,0.0,48179102.65592178,0,0,0,0,-56517787860.51842,0.0,0
0,20700.0,0,0,329400.0,0.0,0,0,27574357527.499947,8500.0,190500.0,1449000.0,0,70000.0,0,0,2198977.870411366,0,0,-13138361393.747116,0,624000.0,5000.0,0,720000000000.0,0,2248242016.6800003,1549356.1971332906,0,99133671.93646461,0,767861925.0401906,171524805.00049737,0,0,34,0,0,0,0,0,-5.9604644775390625e-05,0.0,767861925.0401906,0,125547.02319377252,0,28537.211241697456,206639706486.1978,TwoCountryTenderLimitedInterconnection,0,0,0,8500.0,0.0,-9321839485.324493,42000.0,0,99687171825.28996,733259925.0401404,0,0.0,0.0,0.0,0.0,0,0.0,261000.0,0.0,0.0,0,32080282678.30004,0,0,0,939386730.0406878,0.0,5233.211241697456,0,204131590.56341586,0,19602148.21810809,9096.0,99807524.1127091,1989981.225839675,578163201.9831595,0,54272358251.819824,0,0.013483935249437255,0,0,0,0,0,0,0,0,0,0,0,4053.0231937725184,0,0.003666446304069113,0,0.0,0,0,99133671.93646461,1392295146.239906,0,-154606685083.3379,0,0,0.0,0.0,0.0,33.29934383216314,69.91026491118602,84.00978056137932,0.0,0.0,0.0,0,0,722946808.4996895,28000.0,206126805.0004977,0.0,0.0,0.0,0.0,0.0,0.0,0.0,0.0,0.0,0.0,164541761.91035312,0,16950.0,9312.0,0,0.0,0,1392295146.239906,0.0,51992.0,131947.70167671214,0,37162143846.67844,35687050.72622215,62525027978.61131,-4683144901.722523,-34132298666.395325,825000.0,43206.0,0.0,244200.0,4000.0,0,0.0,0.0,0.0,3750.0,0.0,0.0,0,0.0,0,0,0,0,0,0,0,0,56520600268.499725,177174.0,1.8786938258569126,0.0,104622.0,1280704.8817922303,1000.0,0.0,0.0,0.0016668397428057525,0,0.0,70500.0,0.0,0,34110.0,59654640205.8001,3816521908.4230347,0.0,0,42680.0,0,0.005957042549089403,,,0,0,0,0.0,0,131332516036.11983,171524805.00049734,0.0,0.0013948477897664888,0,0,17.97140580435226,198495065159.56247,0,0.0,15988690886.514275,18283573029.686314,15630257602.960476,,-28680326805.461018,19348709664.154297,-2.9802322387695312e-08,75307190450.08133,0,,0,85200.0,0.0,48013824.83820185,0,0,0,0,-61294645872.866585,0.0,0
